variant,entry_z,strategy,shuffle,p
none,1.0,long_only_selection,hours,0.21666666666666667
none,1.0,pairs,hours,0.22
none,1.0,rotation,hours,0.13
none,1.25,long_only_selection,hours,0.26666666666666666
none,1.25,pairs,hours,0.27
none,1.25,rotation,hours,0.17
none,1.5,long_only_selection,hours,0.27
none,1.5,pairs,hours,0.27666666666666667
none,1.5,rotation,hours,0.17
none,1.75,long_only_selection,hours,0.22
none,1.75,pairs,hours,0.22333333333333333
none,1.75,rotation,hours,0.13666666666666666
none,2.0,long_only_selection,hours,0.2833333333333333
none,2.0,pairs,hours,0.28
none,2.0,rotation,hours,0.14666666666666667
none,2.25,long_only_selection,hours,0.56
none,2.25,pairs,hours,0.5533333333333333
none,2.25,rotation,hours,0.38
none,2.5,long_only_selection,hours,0.68
none,2.5,pairs,hours,0.6766666666666666
none,2.5,rotation,hours,0.5233333333333333
none,2.75,long_only_selection,hours,0.7433333333333333
none,2.75,pairs,hours,0.7366666666666667
none,2.75,rotation,hours,0.6066666666666667
none,3.0,long_only_selection,hours,0.8066666666666666
none,3.0,pairs,hours,0.8033333333333333
none,3.0,rotation,hours,0.6966666666666667
stop,1.0,long_only_selection,hours,0.07333333333333333
stop,1.0,pairs,hours,0.07333333333333333
stop,1.0,rotation,hours,0.08
stop,1.25,long_only_selection,hours,0.08666666666666667
stop,1.25,pairs,hours,0.08666666666666667
stop,1.25,rotation,hours,0.08
stop,1.5,long_only_selection,hours,0.09666666666666666
stop,1.5,pairs,hours,0.10333333333333333
stop,1.5,rotation,hours,0.08
stop,1.75,long_only_selection,hours,0.11
stop,1.75,pairs,hours,0.11
stop,1.75,rotation,hours,0.08
stop,2.0,long_only_selection,hours,0.10666666666666667
stop,2.0,pairs,hours,0.10666666666666667
stop,2.0,rotation,hours,0.06333333333333334
stop,2.25,long_only_selection,hours,0.47
stop,2.25,pairs,hours,0.45
stop,2.25,rotation,hours,0.3433333333333333
stop,2.5,long_only_selection,hours,0.59
stop,2.5,pairs,hours,0.59
stop,2.5,rotation,hours,0.5066666666666667
stop,2.75,long_only_selection,hours,0.8
stop,2.75,pairs,hours,0.8
stop,2.75,rotation,hours,0.6833333333333333
stop,3.0,long_only_selection,hours,0.8166666666666667
stop,3.0,pairs,hours,0.8166666666666667
stop,3.0,rotation,hours,0.7066666666666667
none,1.0,long_only_selection,days,0.4
none,1.0,pairs,days,0.4033333333333333
none,1.0,rotation,days,0.34
none,1.25,long_only_selection,days,0.44666666666666666
none,1.25,pairs,days,0.44666666666666666
none,1.25,rotation,days,0.4066666666666667
none,1.5,long_only_selection,days,0.42
none,1.5,pairs,days,0.4266666666666667
none,1.5,rotation,days,0.3566666666666667
none,1.75,long_only_selection,days,0.37333333333333335
none,1.75,pairs,days,0.37666666666666665
none,1.75,rotation,days,0.2733333333333333
none,2.0,long_only_selection,days,0.44333333333333336
none,2.0,pairs,days,0.43333333333333335
none,2.0,rotation,days,0.31666666666666665
none,2.25,long_only_selection,days,0.72
none,2.25,pairs,days,0.7066666666666667
none,2.25,rotation,days,0.5966666666666667
none,2.5,long_only_selection,days,0.8333333333333334
none,2.5,pairs,days,0.8233333333333334
none,2.5,rotation,days,0.71
none,2.75,long_only_selection,days,0.86
none,2.75,pairs,days,0.86
none,2.75,rotation,days,0.7933333333333333
none,3.0,long_only_selection,days,0.87
none,3.0,pairs,days,0.87
none,3.0,rotation,days,0.7933333333333333
stop,1.0,long_only_selection,days,0.13
stop,1.0,pairs,days,0.12666666666666668
stop,1.0,rotation,days,0.14666666666666667
stop,1.25,long_only_selection,days,0.13333333333333333
stop,1.25,pairs,days,0.12
stop,1.25,rotation,days,0.10666666666666667
stop,1.5,long_only_selection,days,0.16333333333333333
stop,1.5,pairs,days,0.15333333333333332
stop,1.5,rotation,days,0.14
stop,1.75,long_only_selection,days,0.16
stop,1.75,pairs,days,0.16333333333333333
stop,1.75,rotation,days,0.11
stop,2.0,long_only_selection,days,0.19
stop,2.0,pairs,days,0.18666666666666668
stop,2.0,rotation,days,0.16
stop,2.25,long_only_selection,days,0.6333333333333333
stop,2.25,pairs,days,0.62
stop,2.25,rotation,days,0.57
stop,2.5,long_only_selection,days,0.75
stop,2.5,pairs,days,0.75
stop,2.5,rotation,days,0.6933333333333334
stop,2.75,long_only_selection,days,0.8866666666666667
stop,2.75,pairs,days,0.88
stop,2.75,rotation,days,0.8366666666666667
stop,3.0,long_only_selection,days,0.8966666666666666
stop,3.0,pairs,days,0.8966666666666666
stop,3.0,rotation,days,0.8133333333333334
