variant,entry_z,shuffle,median_pair_gross_gbp,median_pair_net_gbp,median_rotation_log_excess
none,1.0,bar,-19.370258669312324,-342.94559898362644,-0.15675215133848858
none,1.25,bar,103.63345379598108,-200.03725515309202,-0.1311202986228356
none,1.5,bar,54.87011079469402,-221.91673580841496,-0.14298162898559033
none,1.75,bar,35.543320922678774,-211.46708074588338,-0.15775858789220829
none,2.0,bar,38.96969799806881,-185.33139820898631,-0.13369792885235282
none,2.25,bar,86.2438782470131,-106.0328125556468,-0.07176049050599533
none,2.5,bar,92.74731565556664,-58.04225119494856,-0.05303018690374631
none,2.75,bar,156.51008738921786,47.03791661656349,0.006430968619728783
none,3.0,bar,195.88496963047638,127.72543510263797,0.045159355908370134
stop,1.0,bar,70.19563136641146,-299.00346983281065,-0.19022670396724667
stop,1.25,bar,146.6436207659056,-180.68674234889698,-0.1439634270720264
stop,1.5,bar,64.52005969719977,-226.9734474212788,-0.16106103392107138
stop,1.75,bar,55.257135067067544,-203.0686813803536,-0.13812680976651562
stop,2.0,bar,42.01096457113263,-168.76926962632092,-0.10404242142130313
stop,2.25,bar,105.8883689313456,-66.97038867425016,-0.03592506042709997
stop,2.5,bar,85.09771042374571,-52.900084086254665,-0.04464411792574299
stop,2.75,bar,130.3967140549115,9.558182421393258,-0.006388316185161051
stop,3.0,bar,174.29600137398563,118.06993065788156,0.04980700494196638
none,1.0,day,712.843002096068,340.1024579470685,0.19430510339737828
none,1.25,day,655.2452517866316,328.1492955047301,0.16295417732338355
none,1.5,day,651.3038030795276,343.9211157456043,0.1966666934018946
none,1.75,day,543.2875219365649,301.0185946717393,0.14809199531120865
none,2.0,day,562.8055455757201,343.9640947112165,0.15460580893013354
none,2.25,day,507.3006028696954,305.1579407522702,0.16416039243324798
none,2.5,day,510.5483402274367,358.87750045045993,0.2010080441227159
none,2.75,day,523.5345082262444,401.2799102244544,0.17293932078915886
none,3.0,day,372.4719110576485,288.944390758697,0.13372191730460112
stop,1.0,day,472.06494835367175,69.52535496187818,-0.03654944480992216
stop,1.25,day,437.0442708627787,60.42163980887891,0.011889369963056003
stop,1.5,day,508.2917397073561,200.38557338045212,0.09232105527361184
stop,1.75,day,401.0301224797952,124.20818768343044,0.07370056842659367
stop,2.0,day,470.0311621960768,208.42611832584748,0.11330575215741029
stop,2.25,day,466.7863061026871,271.98953344016724,0.11444995685051569
stop,2.5,day,524.6476226264049,361.6490579297745,0.1896387180620666
stop,2.75,day,509.72323675878715,384.8812988531722,0.17880995024501592
stop,3.0,day,394.1599643154108,289.9603090936299,0.14040514525407202
