Entry \|z\|,Pairs trade net,p (hours),p (days),Long-only selection,p (hours),p (days),Rotation vs same-time 50/50,p (hours),p (days),variant
1,£701,0.22,0.40,£550,0.22,0.40,+54.2%,0.13,0.34,none
1.25,£477,0.27,0.45,£408,0.27,0.45,+40.3%,0.17,0.41,none
1.5,£493,0.28,0.43,£394,0.27,0.42,+40.1%,0.17,0.36,none
1.75,£650,0.22,0.38,£458,0.22,0.37,+55.1%,0.14,0.27,none
2,£458,0.28,0.43,£330,0.28,0.44,+45.5%,0.15,0.32,none
2.25,-£188,0.55,0.71,-£21,0.56,0.72,+8.1%,0.38,0.60,none
2.5,-£503,0.68,0.82,-£192,0.68,0.83,-7.3%,0.52,0.71,none
2.75,-£521,0.74,0.86,-£223,0.74,0.86,-10.9%,0.61,0.79,none
3,-£521,0.80,0.87,-£223,0.81,0.87,-10.9%,0.70,0.79,none
1,"£1,122",0.07,0.13,£787,0.07,0.13,+54.9%,0.08,0.15,stop
1.25,"£1,090",0.09,0.12,£731,0.09,0.13,+60.6%,0.08,0.11,stop
1.5,"£1,053",0.10,0.15,£683,0.10,0.16,+59.8%,0.08,0.14,stop
1.75,"£1,117",0.11,0.16,£700,0.11,0.16,+72.5%,0.08,0.11,stop
2,"£1,041",0.11,0.19,£631,0.11,0.19,+67.9%,0.06,0.16,stop
2.25,£51,0.45,0.62,£101,0.47,0.63,+6.9%,0.34,0.57,stop
2.5,-£250,0.59,0.75,-£52,0.59,0.75,-4.9%,0.51,0.69,stop
2.75,-£713,0.80,0.88,-£316,0.80,0.89,-17.7%,0.68,0.84,stop
3,-£561,0.82,0.90,-£239,0.82,0.90,-12.8%,0.71,0.81,stop
