entry_z,cyph_tilts,zec_tilts,pnl_gbp,return_pct,vs_buy_hold_5050_gbp,same_time_5050_pnl_gbp,relative_wealth_pct,h1_relative_pct,h2_relative_pct,costs_gbp,max_drawdown_gbp,max_drawdown_pct,sharpe,time_tilted_pct
1.0,21,20,4229.427931232043,422.9427931232043,2032.5919770690803,2391.013672721587,54.214298022424856,33.437383895255344,15.570534673760395,303.63022164841004,-1217.520789284847,-63.54207207614757,2.07642755450874,73.28813559322033
1.25,19,15,3703.2670417495947,370.3267041749595,1506.4310875866317,2353.4795046596037,40.25035892464779,25.648438694906297,11.621250834001362,246.59635502271288,-1081.3600841746907,-61.487894577061105,1.9962474459595778,68.88135593220339
1.5,17,12,3706.4494595788574,370.64494595788574,1509.6135054158945,2358.9382324034887,40.117177927715474,26.61146140496884,10.667056815297604,212.71925288443651,-1127.2968280520467,-59.453468956408386,1.9940640697763377,64.0677966101695
1.75,16,10,4253.371766302577,425.3371766302577,2056.5358121396143,2387.176647815496,55.09588995574393,43.382005980266094,8.169702952189152,191.79623072024535,-1233.4959595125933,-56.73828773195322,2.0887826186484464,59.186440677966104
2.0,11,8,3996.4930973418664,399.6493097341866,1799.6571431789034,2433.7322646512625,45.5120176019117,64.99278572376592,-11.807042372427901,135.38394635787873,-1433.5258871291408,-60.057090290319195,2.058112022742175,48.33898305084745
2.25,8,5,2628.295121322932,262.82951213229325,431.4591671599692,2355.073517740191,8.143535518314637,41.454236346979535,-23.54874741747257,63.268477754348126,-1194.4434395521755,-59.61661104249774,1.8160000202915978,39.79661016949152
2.5,6,4,2097.1610407436488,209.71610407436486,-99.67491341931418,2341.4949467610795,-7.312113587191393,21.556923504240565,-23.749397614875345,48.32329506086401,-1020.5552306076441,-59.60129000634111,1.6818111742299544,35.38983050847458
2.75,5,1,1967.0512646112725,196.70512646112726,-229.78468955169046,2330.943507188867,-10.924599645483013,14.733759905976962,-22.363391187115912,33.43821247535003,-941.8414202777456,-58.54172671775797,1.6563000738420492,22.033898305084744
3.0,5,1,1967.0512646112725,196.70512646112726,-229.78468955169046,2330.943507188867,-10.924599645483013,14.733759905976962,-22.363391187115912,33.43821247535003,-941.8414202777456,-58.54172671775797,1.6563000738420492,22.033898305084744
