entry_z,exit_z,lookback,trades,net_pnl_gbp,final_equity_gbp,portfolio_return_pct,sharpe,max_drawdown_gbp,max_drawdown_pct,time_in_market_pct,win_rate_pct,avg_trade_gbp,best_trade_gbp,worst_trade_gbp,profit_factor,avg_hold_hours,gross_pnl_gbp,costs_gbp,borrow_gbp,short_cyph_trades,short_cyph_pnl_gbp,long_cyph_trades,long_cyph_pnl_gbp,market_gbp,selection_gbp,rich_instead_net_gbp,coin_flip_p,random_timing_p,h1_pnl_gbp,h2_pnl_gbp
1.0,0.0,70,51,757.6379734709353,10757.637973470935,7.576379734709349,0.8194493260510097,-962.6264436294059,-9.273653016007048,46.79611650485437,47.05882352941176,14.855646538645777,439.4296300236572,-404.4524579780636,1.347525503118503,74.23529411764706,963.606302837157,205.96832936622235,0.0,22,-35.21342017173811,29,792.8513936426726,176.34413537810727,787.2621674590497,-816.8863614471647,0.00715,0.8194,-203.57875509818768,961.2167285691224
1.25,0.0,70,40,976.2759258148071,10976.275925814807,9.762759258148069,0.9898609147140067,-606.2171161098177,-5.786402076018123,55.275080906148865,47.5,24.406898145370157,439.4296300236572,-452.52647383150315,1.615185712522885,108.55,1138.589192025623,162.31326621081692,0.0,16,-54.66971334367855,24,1030.945639158485,407.76560695402037,730.823585071603,-485.3712443283991,0.005,0.7706,84.05255833609304,892.2233674787134
1.5,0.0,70,33,988.2303351836072,10988.230335183607,9.882303351836065,0.9900619393963956,-650.4213637986813,-6.282132684555239,51.715210355987054,48.484848484848484,29.94637379344265,458.2888268490666,-452.52647383150315,1.7102430094815149,124.84848484848484,1122.4875526881608,134.25721750455367,0.0,13,33.82885546204433,20,954.4014797215627,439.4758363494467,683.011716338714,-377.793097493821,0.0069,0.7431,-97.59789378735024,1085.8282289709575
1.75,0.0,70,30,802.9804738228395,10802.98047382284,8.029804738228385,1.0237368003341645,-477.1534732400869,-4.562938152200599,47.443365695792885,46.666666666666664,26.76601579409466,377.77143934030465,-199.45089603787255,1.974805517712379,121.13333333333334,924.834587085985,121.8541132631453,0.0,11,-372.8949379493185,19,1175.8754117721585,224.79189475305222,700.0426923329328,-597.104910843026,0.0143,0.7896,55.4460326438603,747.5344411789796
2.0,0.0,70,23,1282.7778589765712,11282.777858976571,12.827778589765714,1.6461152248458304,-444.60711702697336,-4.176942971670236,39.6116504854369,60.86956521739131,55.77295039028568,509.39496840242674,-94.45182799070662,4.920756222149468,131.08695652173913,1377.5059488937945,94.728089917224,0.0,9,-33.969313017298106,14,1316.7471719938687,745.8443938250838,631.6615550687108,19.45474883914902,0.02315,0.5191,1020.2988365769105,262.47902239966004
2.25,0.0,70,15,934.6000200844392,10934.60002008444,9.346000200844395,1.3185835000420758,-477.22972947816015,-4.627273954210774,29.126213592233007,66.66666666666666,62.306668005629234,509.39496840242674,-89.08867610752726,5.110296020659518,152.53333333333333,996.5277270867342,61.92770700229556,0.0,5,-37.78155286713111,10,972.3815729515696,895.8186987817711,100.70902830496297,733.1819634745126,0.35805,0.3277,637.2177415233299,297.38227856110865
2.5,0.0,70,14,1427.8193725246474,11427.819372524647,14.27819372524648,1.7902515752977868,-477.22972947816015,-4.627273954210774,32.103559870550164,64.28571428571429,101.9870980374748,511.6559500292851,-89.08867610752726,7.444641574944554,177.42857142857142,1486.7561029747944,58.936730450147145,0.0,5,461.70550508763824,9,966.1138674370088,1538.5934467291224,-51.83734375432812,1531.4940600333034,0.5701,0.1385,461.56879529196436,966.2505772326829
2.75,0.0,70,7,1867.2169996362954,11867.216999636295,18.672169996362964,2.96027885074356,-207.4982961335918,-2.06790055247948,17.66990291262136,85.71428571428571,266.74528566232794,629.6773330073873,-57.262607227016076,33.607963382347634,199.14285714285714,1898.9835011341293,31.766501497833637,0.0,1,629.6773330073873,6,1237.539666628908,2214.94127728494,-315.9577761508109,2499.132551937917,0.7827,0.0052,516.3758804330344,1350.8411192032613
3.0,0.0,70,7,1952.2296998286365,11952.229699828637,19.522296998286357,2.892605465264461,-207.4982961335918,-2.06790055247948,20.51779935275081,85.71428571428571,278.88995711837657,629.6773330073873,-57.262607227016076,35.092574445467946,226.85714285714286,1984.1857415292498,31.956041700613213,0.0,1,629.6773330073873,6,1322.5523668212488,2223.0430410509944,-238.85729952174475,2429.9442988721257,0.71885,0.01,516.3758804330344,1435.853819395602
