entry_z,exit_z,lookback,trades,net_pnl_gbp,final_equity_gbp,portfolio_return_pct,sharpe,max_drawdown_gbp,max_drawdown_pct,time_in_market_pct,win_rate_pct,avg_trade_gbp,best_trade_gbp,worst_trade_gbp,profit_factor,avg_hold_hours,gross_pnl_gbp,costs_gbp,borrow_gbp,short_cyph_trades,short_cyph_pnl_gbp,long_cyph_trades,long_cyph_pnl_gbp,market_gbp,selection_gbp,rich_instead_net_gbp,random_timing_p,h1_pnl_gbp,h2_pnl_gbp
1.0,0.0,70,41,2447.1983916512,12447.1983916512,24.471983916511995,2.0740758512096686,-829.4158871118652,-7.990342665051784,69.96763754045307,53.65853658536586,59.687765650029256,629.6773330073873,-268.3314908308575,2.4998049784636804,135.65853658536585,2616.364771700189,169.16638004898923,0.0,20,568.6681409161147,21,1878.5302507350855,2065.8603924247345,550.5043792754542,1346.189633100291,0.3016,311.0234835672377,2136.174908083962
1.25,0.0,70,34,2474.4633827772413,12474.463382777241,24.74463382777241,2.108831864576139,-664.8975801948818,-6.378415174446131,65.76051779935274,50.0,72.7783347875659,629.6773330073873,-249.69180074006564,2.931171979440219,150.52941176470588,2615.6625398957785,141.1991571185374,0.0,15,548.73711841798,19,1925.726264359261,2207.5147548180435,408.1477850777347,1658.1678126217719,0.2391,492.89431176070497,1981.569071016536
1.5,0.0,70,29,2441.8805838906483,12441.880583890648,24.418805838906476,2.0829302779216574,-703.4326731451729,-6.794145508291055,61.165048543689316,51.724137931034484,84.20277875484994,629.6773330073873,-249.69180074006564,3.148680838078383,163.79310344827587,2562.949682368162,121.0690984775133,0.0,12,436.59675024212373,17,2005.2838336485245,2168.7220712503236,394.2276111178381,1653.4253616549722,0.218,402.5910129101517,2039.2895709804968
1.75,0.0,70,26,2624.6831791710756,12624.683179171076,26.246831791710747,2.448624098658569,-530.1647825865766,-5.069876358628569,56.50485436893204,53.84615384615385,100.94935304504136,629.6773330073873,-199.45089603787255,4.4068387827959,167.46153846153845,2734.1008401831446,109.41766101206923,0.0,10,303.01313293054454,16,2321.6700462405306,2275.3620309931543,458.73880918999026,1707.2055607910943,0.1534,556.8292770387654,2067.85390213231
2.0,0.0,70,19,2507.2232784412936,12507.223278441294,25.07223278441293,2.566815616039679,-518.1751268857115,-4.86809111111979,46.14886731391586,73.68421052631578,131.95911991796282,629.6773330073873,-89.08867610752726,12.172716246289943,190.05263157894737,2588.364552683181,81.14127424188794,0.0,8,641.9387578625649,11,1865.2845205787282,2258.0795296091924,330.28502307398907,1846.6532322933153,0.0983,927.5094413127714,1579.713837128522
2.25,0.0,70,13,2046.8267503135266,12046.826750313527,20.468267503135262,2.2439551996674876,-477.22972947816015,-4.627273954210774,37.993527508090615,76.92307692307693,157.44821156257896,629.6773330073873,-89.08867610752726,11.280762015901317,226.15384615384616,2102.9982475887064,56.17149727517978,0.0,5,607.1674070022643,8,1439.6593433112623,2123.659120221383,-20.66087263267707,2088.1484955788806,0.0743,637.2177415233299,1409.6090087901966
2.5,0.0,70,10,1871.177804082161,11871.177804082161,18.711778040821603,2.0901874517175765,-477.22972947816015,-4.627273954210774,33.78640776699029,70.0,187.1177804082161,629.6773330073873,-89.08867610752726,10.398515868653186,262.6,1914.9658221415675,43.78801805940654,0.0,4,589.1696947235009,6,1282.0081093586598,2107.0328457355554,-192.0670235939877,2255.3118512701362,0.0563,461.56879529196436,1409.6090087901966
2.75,0.0,70,6,2076.4683208540664,12076.468320854066,20.764683208540657,2.7464447237167695,-224.25754314239202,-2.06790055247948,21.035598705501616,83.33333333333334,346.07805347567773,629.6773330073873,-57.262607227016076,37.262203581160094,268.8333333333333,2104.659153439507,28.19083258544029,0.0,1,629.6773330073873,5,1446.790987846679,2327.156611285746,-222.49745784623914,2521.463236546545,0.0079,516.3758804330344,1560.0924404210318
3.0,0.0,70,6,2076.4683208540664,12076.468320854066,20.764683208540657,2.7464447237167695,-224.25754314239202,-2.06790055247948,21.035598705501616,83.33333333333334,346.07805347567773,629.6773330073873,-57.262607227016076,37.262203581160094,268.8333333333333,2104.659153439507,28.19083258544029,0.0,1,629.6773330073873,5,1446.790987846679,2327.156611285746,-222.49745784623914,2521.463236546545,0.0079,516.3758804330344,1560.0924404210318
