entry_time,exit_time,direction,side,entry_z,exit_z,exit_reason,cyph_entry,cyph_exit,zec_entry,zec_exit,cyph_shares,zec_units,fx_entry,fx_exit,bars_held,hours_held,gross_pnl_gbp,costs_gbp,borrow_gbp,net_pnl_gbp,return_on_leg,notional_usd,r_cyph,r_zec,market_gbp,selection_gbp,other_gross_gbp,entry_threshold
2025-12-05 15:30:00+00:00,2025-12-09 17:30:00+00:00,Buy CYPH (cheap vs ZEC),1,-1.2903081390979283,0.7659786244649602,mean reversion,1.2050000429153442,1.624699950218201,384.73,447.33,1107,0.0,1.3346680402755735,1.3317352533340454,16,98.0,348.87399445280175,4.699953250158035,0.0,344.1740412026437,0.3441740412026437,1333.935047507286,0.3482986658551863,0.16271151196943312,255.9271387186924,92.94685573410936,162.98028298458303,1.0
2025-12-09 20:30:00+00:00,2025-12-11 15:30:00+00:00,Buy ZEC (cheap vs CYPH),-1,1.049919121441765,-0.6729835298952869,mean reversion,1.5950000286102295,1.4299999475479126,430.04,446.55,0,3.0933513318468893,1.3302648067474363,1.342029690742493,9,43.0,38.05521654333622,4.058577461832441,0.0,33.99663908150378,0.03399663908150378,1330.2648067474363,-0.10344832482923927,0.03839177750906897,-32.24311501656913,70.29833155990535,-102.54144657647454,1.0
2025-12-15 14:30:00+00:00,2026-01-08 15:30:00+00:00,Buy CYPH (cheap vs ZEC),1,-1.0057886512871383,0.045054052680210385,mean reversion,1.409999966621399,1.034999966621399,408.33,430.29,949,0.0,1.3389211893081665,1.3435803651809692,109,577.0,-264.870646537073,3.4608442937845036,0.0,-268.3314908308575,-0.2683314908308575,1338.0899683237076,-0.2659574531044594,0.0537800308573948,-105.65519099981039,-159.21545553726264,53.560264537452255,1.0
2026-01-08 17:30:00+00:00,2026-01-16 20:30:00+00:00,Buy ZEC (cheap vs CYPH),-1,1.3795648461679624,-0.047980281125158675,mean reversion,1.1050000190734863,1.0399999618530271,421.17,413.51,0,3.1890858271767484,1.3431472778320312,1.338186502456665,45,195.0,-18.254852661664064,3.9709044710508303,0.0,-22.225757132714893,-0.022225757132714893,1343.1472778320312,-0.05882358017962752,-0.01818743025381686,-38.64824852024863,20.393395858584565,-59.04164437883313,1.0
2026-01-21 16:30:00+00:00,2026-01-21 17:30:00+00:00,Buy ZEC (cheap vs CYPH),-1,1.0604119545158777,-0.19951533930681317,mean reversion,1.0099999904632568,0.9172000288963318,367.65,355.7,0,3.6523012373701307,1.3427685499191284,1.3427865505218506,1,1.0,-32.50330424415641,3.934966580693966,0.0,-36.43827082485038,-0.03643827082485038,1342.7685499191284,-0.09188115093383364,-0.03250373997008016,-62.19161173679759,29.68830749264118,-91.8799192294388,1.0
2026-01-21 20:30:00+00:00,2026-02-02 19:30:00+00:00,Buy CYPH (cheap vs ZEC),1,-1.0083389791864734,1.3239186903165634,mean reversion,0.9101999998092652,0.7947999835014343,366.25,294.7,1475,0.0,1.342624306678772,1.3719868659973145,46,287.0,-124.06461626753196,3.708834046959532,0.0,-127.7734503144915,-0.1277734503144915,1342.5449997186663,-0.12678533985059692,-0.19535836177474408,-157.61536299167827,33.55074672414631,-191.16610971582458,1.0
2026-02-02 20:30:00+00:00,2026-02-11 18:30:00+00:00,Buy ZEC (cheap vs CYPH),-1,1.2447462327278607,-0.14357110916282737,mean reversion,0.7850000262260437,0.5979999899864197,294.54,239.48,0,4.638401725558194,1.3661948442459106,1.3658403158187866,47,214.0,-186.98408302301007,3.6265509699364484,0.0,-190.61063399294653,-0.19061063399294653,1366.1948442459106,-0.23821659871610845,-0.18693556053507177,-212.631257571563,25.647174548552925,-238.27843212011587,1.0
2026-02-17 15:30:00+00:00,2026-02-23 16:30:00+00:00,Buy CYPH (cheap vs ZEC),1,-1.7870767395267229,0.0632806946309238,mean reversion,0.659500002861023,0.6330999732017517,282.26,242.49,2050,0.0,1.352027416229248,1.3496551513671875,29,145.0,-40.099176998422855,3.9231618170669877,0.0,-44.022338815489846,-0.04402233881548984,1351.975005865097,-0.040030370803250115,-0.14089846241054338,-90.61991135202011,50.520734353597256,-141.14064570561735,1.0
2026-02-23 20:30:00+00:00,2026-02-24 17:30:00+00:00,Buy ZEC (cheap vs CYPH),-1,1.0336790000119516,-0.31416773639548307,mean reversion,0.6549999713897705,0.6180999875068665,236.63,244.65,0,5.700497747560791,1.34890878200531,1.3529969453811646,4,21.0,33.79016640910301,4.0615372099718305,0.0,29.728629199131177,0.029728629199131176,1348.90878200531,-0.056335855717077554,0.03389257490597131,-11.18773352979882,44.97789993890183,-56.16563346870056,1.0
2026-02-25 17:30:00+00:00,2026-03-05 18:30:00+00:00,Buy ZEC (cheap vs CYPH),-1,1.6636009959958993,-0.06630901756293228,mean reversion,0.6970000267028809,0.6220999956130981,253.9,228.94,0,5.336728045300923,1.3549952507019043,1.3331555128097534,43,193.0,-99.91687446123167,3.8329302274963437,0.0,-103.74980468872802,-0.10374980468872802,1354.9952507019043,-0.10746058568188732,-0.09830641985033484,-104.56893909536765,4.652064634135982,-109.22100372950362,1.0
2026-03-06 16:30:00+00:00,2026-03-11 14:30:00+00:00,Buy CYPH (cheap vs ZEC),1,-1.7452253621596105,0.03590567171413902,mean reversion,0.5318999886512756,0.5893999934196472,211.36,215.27,2511,0.0,1.3359339237213137,1.3418675661087036,20,118.0,107.59818302492955,4.205357502268715,0.0,103.39282552266084,0.10339282552266084,1335.6008715033531,0.10810303815605038,0.01849924299772887,63.00551608593029,44.592666938999265,18.412849146930974,1.0
2026-03-12 18:30:00+00:00,2026-03-16 15:30:00+00:00,Buy ZEC (cheap vs CYPH),-1,1.2862029870873313,-0.008908121472933975,mean reversion,0.617900013923645,0.6328999996185303,211.01,233.84,0,6.329618377779554,1.3356127738952637,1.329790711402893,11,93.0,108.66761688556109,4.226091592861987,0.0,104.4415252926991,0.1044415252926991,1335.6127738952637,0.024275749080560516,0.10819392445855658,66.5248247770981,42.142792108462984,24.382032668635084,1.0
2026-03-17 16:30:00+00:00,2026-03-27 15:30:00+00:00,Buy ZEC (cheap vs CYPH),-1,1.7722322582806667,-0.2027094955698044,mean reversion,0.8141000270843506,0.6437000036239624,270.31,217.5,0,4.936379459526884,1.334352731704712,1.3311538696289062,55,239.0,-195.83776541947694,3.6131306183956156,0.0,-199.45089603787255,-0.19945089603787255,1334.352731704712,-0.20931091732138307,-0.19536828086271318,-202.8258362466978,6.9880708272208665,-209.81390707391867,1.0
2026-03-30 16:30:00+00:00,2026-03-31 17:30:00+00:00,Buy CYPH (cheap vs ZEC),1,-1.1736057949836447,0.36455451346914053,mean reversion,0.6341000199317932,0.7799999713897705,224.86,253.94,2080,0.0,1.319222927093506,1.3215888738632202,8,25.0,229.62655409279805,4.454779331266712,0.0,225.17177476153134,0.22517177476153133,1318.9280414581299,0.23008980739926632,0.12932491327937368,179.34554496898753,50.28100912381052,129.0645358451771,1.0
2026-04-02 14:30:00+00:00,2026-04-06 14:30:00+00:00,Buy ZEC (cheap vs CYPH),-1,1.2311314217568623,-0.8032345694708921,mean reversion,0.7605000138282776,0.7601000070571899,235.16,254.72,0,5.6211742379061524,1.3218753337860107,1.3257640600204468,7,96.0,82.93343544985572,4.160000478301354,0.0,78.77343497155437,0.07877343497155437,1321.8753337860107,-0.0005259786506432995,0.08317741112434085,41.204499798921944,41.72893565093378,-0.5244358520117857,1.0
2026-04-06 15:30:00+00:00,2026-04-10 16:30:00+00:00,Buy CYPH (cheap vs ZEC),1,-1.567132940565114,0.3741175435427616,mean reversion,0.7336000204086304,1.1150000095367432,253.21,376.95,1804,0.0,1.3238544464111328,1.345833420753479,29,97.0,511.2412649121954,4.988501654731105,0.0,506.25276325746427,0.5062527632574643,1323.4144368171692,0.5199018245878253,0.4886852809920619,495.89299675912906,15.348268153066329,480.54472860606273,1.0
2026-04-15 14:30:00+00:00,2026-04-20 14:30:00+00:00,Buy CYPH (cheap vs ZEC),1,-1.0759254699275091,0.027695895300698523,mean reversion,0.9236000180244446,0.829800009727478,358.46,310.16,1467,0.0,1.355730056762695,1.353313684463501,21,120.0,-101.67976113106477,3.7978229874214375,0.0,-105.4775841184862,-0.1054775841184862,1354.9212264418602,-0.10155912350197027,-0.13474306756681342,-118.29144203944915,16.611680908384386,-134.90312294783354,1.0
2026-04-24 19:30:00+00:00,2026-04-27 15:30:00+00:00,Buy ZEC (cheap vs CYPH),-1,1.513270541397226,-0.09896037826117399,mean reversion,1.000100016593933,0.9408000111579896,360.95,356.3,0,3.7479156238383116,1.3528101444244385,1.3554543256759644,3,68.0,-12.85753958707301,3.9703833784404887,0.0,-16.827922965513498,-0.016827922965513498,1352.8101444244385,-0.059294075044517114,-0.01288267073001792,-36.01797272904824,23.16043314197523,-59.1784058710235,1.0
2026-04-30 18:30:00+00:00,2026-04-30 19:30:00+00:00,Buy CYPH (cheap vs ZEC),1,-1.1511163444273866,0.14315743839477024,mean reversion,0.9034000039100648,0.9424999952316284,347.34,354.08,1503,0.0,1.3581604957580566,1.3602296113967896,1,1.0,43.20394620432008,4.082334713830827,0.0,39.12161149048926,0.03912161149048926,1357.8102058768275,0.04328092888236923,0.019404617953590275,31.287024830841943,11.91692137347814,19.370103457363815,1.0
2026-05-01 13:30:00+00:00,2026-05-14 16:30:00+00:00,Buy CYPH (cheap vs ZEC),1,-1.371975101625464,0.27703854771763625,mean reversion,0.8991000056266785,1.1900999546051023,350.47,543.16,1516,0.0,1.36314058303833,1.3479995727539062,66,315.0,327.2671086608934,4.676688864204974,0.0,322.5904197966885,0.32259041979668845,1363.0356085300446,0.32365693155078445,0.5498045481781606,441.60217985738444,-114.33507119649101,555.9372510538756,1.0
2026-05-18 15:30:00+00:00,2026-05-21 18:30:00+00:00,Buy CYPH (cheap vs ZEC),1,-1.0427152097981796,0.5241393091568693,mean reversion,1.0,1.3650000095367432,525.83,671.42,1339,0.0,1.339566707611084,1.3444112539291382,24,75.0,363.53088486974207,4.718165665928652,0.0,358.8127192038134,0.3588127192038134,1339.0,0.36500000953674316,0.2768765570621683,319.6465070357273,43.88437783401474,275.7621292017125,1.0
2026-05-26 14:30:00+00:00,2026-05-27 14:30:00+00:00,Buy ZEC (cheap vs CYPH),-1,1.8605899671238308,-0.5368931368831484,mean reversion,1.3640999794006348,1.100000023841858,623.11,570.57,0,2.1607489638755486,1.3463842868804932,1.344700574874878,7,24.0,-84.42455717146147,3.8336551041233653,0.0,-88.25821227558484,-0.08825821227558484,1346.3842868804932,-0.19360747712555382,-0.08431898059732623,-139.13722600336496,54.712668831903486,-193.8498948352685,1.0
2026-05-28 15:30:00+00:00,2026-05-29 14:30:00+00:00,Buy ZEC (cheap vs CYPH),-1,1.4441340900213637,-0.05323542780749487,mean reversion,1.149999976158142,1.0549999475479126,534.19,532.48,0,2.5143624512477416,1.3431472778320312,1.3440499305725098,6,23.0,-3.1989583822993053,3.992258899890875,0.0,-7.1912172821901805,-0.007191217282190181,1343.1472778320312,-0.08260872224328253,-0.003201108219921811,-42.87610064783347,39.677142265534165,-82.55324291336763,1.0
2026-05-29 16:30:00+00:00,2026-06-01 15:30:00+00:00,Buy ZEC (cheap vs CYPH),-1,1.1535114441912593,-0.1019913257980045,mean reversion,1.1349999904632568,1.0499999523162842,535.15,529.19,0,2.518002701554133,1.3475091457366943,1.3436886072158811,6,71.0,-11.168730627520548,3.983349181469019,0.0,-15.152079808989566,-0.015152079808989565,1347.5091457366943,-0.07488990208033341,-0.01113706437447426,-43.135784383119635,31.96705375559909,-75.10283813871877,1.0
2026-06-01 19:30:00+00:00,2026-06-02 16:30:00+00:00,Buy CYPH (cheap vs ZEC),1,-1.1094760062482785,0.33877994000882466,mean reversion,1.0499999523162842,1.1894999742507937,558.4,597.1,1281,0.0,1.345858812332153,1.347981333732605,4,21.0,132.56825122591405,4.259585173525354,0.0,128.3086660523887,0.1283086660523887,1345.04993891716,0.1328571697806029,0.06930515759312339,100.8613469937415,31.706904232172548,69.15444276156893,1.0
2026-06-04 19:30:00+00:00,2026-06-18 14:30:00+00:00,Buy CYPH (cheap vs ZEC),1,-1.6310035855340999,0.10670051040052328,mean reversion,1.0149999856948853,0.7684999704360962,540.16,473.37,1322,0.0,1.3425161838531494,1.3238370418548584,65,331.0,-246.15795590334216,3.533844836723493,0.0,-249.69180074006564,-0.24969180074006564,1341.8299810886383,-0.2428571613131908,-0.12364854857819896,-185.7435372420859,-60.41441866125626,-125.32911858082964,1.0
2026-06-24 18:30:00+00:00,2026-06-29 16:30:00+00:00,Buy CYPH (cheap vs ZEC),1,-1.2526235734904478,0.7044078361119428,mean reversion,0.6158999800682068,0.6194000244140625,403.83,386.03,2136,0.0,1.3157029151916504,1.3252756595611572,19,118.0,5.641162024528079,3.996410123695094,0.0,1.6447519008329845,0.0016447519008329844,1315.5623574256897,0.005682812890281497,-0.04407795359433431,-19.05686619002748,24.69802821455556,-43.75489440458305,1.0
2026-07-01 15:30:00+00:00,2026-07-02 14:30:00+00:00,Buy ZEC (cheap vs CYPH),-1,2.140429561403779,-1.4235773111245247,mean reversion,0.6869000196456909,0.6740999817848206,414.74,441.56,0,3.201291974682975,1.327703833580017,1.3373990058898926,6,23.0,64.19823133027367,4.113897913959407,0.0,60.084333416314266,0.060084333416314264,1327.703833580017,-0.0186344991917059,0.06466702030187577,22.84940936779692,41.34882196247675,-18.49941259467975,1.0
2026-07-02 16:30:00+00:00,2026-07-21 14:30:00+00:00,Buy CYPH (cheap vs ZEC),1,-1.1894829358384331,0.002732564091310105,mean reversion,0.6636999845504761,0.7689999938011169,435.75,544.04,2013,0.0,1.3362195491790771,1.3380612134933472,82,454.0,158.41496374305746,4.3135043863818785,0.0,154.10145935667558,0.15410145935667557,1336.0280689001083,0.15865603691698227,0.24851405622489953,203.27570509050196,-44.8607413474445,248.13644643794638,1.0
2026-07-23 15:30:00+00:00,2026-07-30 14:30:00+00:00,Buy CYPH (cheap vs ZEC),1,-1.6650530885275585,0.7544601445636845,mean reversion,0.6581000089645386,0.6402000188827515,514.77,475.55,2023,0.0,1.3319835662841797,1.3426424264907837,34,167.0,-26.970457078509348,3.9282456521134566,0.0,-30.898702730622805,-0.030898702730622805,1331.3363181352615,-0.027199498310220616,-0.07618936612467697,-51.259124319756886,24.288667241247538,-75.54779156100437,1.0
2026-07-30 17:30:00+00:00,2026-07-31 14:30:00+00:00,Buy ZEC (cheap vs CYPH),-1,1.142506198336557,-0.6403283869618908,mean reversion,0.6373999714851379,0.5902000069618225,473.34,455.46,0,2.844318940813069,1.346329927444458,1.3408780097961426,4,21.0,-37.92770281128669,3.9322764566474993,0.0,-41.85997926793419,-0.041859979267934194,1346.329927444458,-0.0740507791573003,-0.037774115857523105,-56.139783668568164,18.21208085728147,-74.35186452584965,1.0
2026-08-04 14:30:00+00:00,2026-08-12 18:30:00+00:00,Buy ZEC (cheap vs CYPH),-1,1.213372194321501,-0.030349033804253956,mean reversion,0.6651999950408936,0.6873000264167786,488.2,496.32,0,2.7545162128259393,1.3447548151016235,1.3493638038635254,46,196.0,16.575716336918138,4.026320081856947,0.0,12.54939625506119,0.01254939625506119,1344.7548151016235,0.03322313821503631,0.01663252765260137,24.84268754788098,-8.266971210962843,33.10965875884385,1.0
2026-08-13 15:30:00+00:00,2026-08-17 15:30:00+00:00,Buy CYPH (cheap vs ZEC),1,-1.8809187188129457,0.9334495115075868,mean reversion,0.6381000280380249,0.7120000123977661,491.6,513.81,2116,0.0,1.3507671356201172,1.3552706241607666,14,96.0,115.38091663577814,4.222497407964006,0.0,111.15841922781414,0.11115841922781414,1350.2196593284607,0.11581253896346388,0.04517900732302671,80.19577304581267,35.18514358996546,45.0106294558473,1.0
2026-08-18 14:30:00+00:00,2026-09-01 19:30:00+00:00,Buy ZEC (cheap vs CYPH),-1,3.8023537515280372,-0.2795907305559944,mean reversion,0.7843999862670898,1.6950000524520874,509.65,832.61,0,2.656985952518972,1.354132890701294,1.3514426946640017,75,341.0,634.9512166617392,5.273883654351813,0.0,629.6773330073873,0.6296773330073874,1354.132890701294,1.1608874070976034,0.6336897871088003,899.0747492188375,-264.1235325570983,1163.1982817759358,1.0
2026-09-03 15:30:00+00:00,2026-09-08 14:30:00+00:00,Buy ZEC (cheap vs CYPH),-1,1.116934282082548,-0.12393383276080053,mean reversion,2.055000066757202,2.494999885559082,915.11,1163.56,0,1.47720815194587,1.351807951927185,1.3551052808761597,13,119.0,270.83679071315777,4.536807053348375,0.0,266.2999836598094,0.2662999836598094,1351.807951927185,0.214111827011374,0.27149741561123797,242.2138135577734,28.622977155384376,213.590836402389,1.0
2026-09-08 18:30:00+00:00,2026-09-09 15:30:00+00:00,Buy ZEC (cheap vs CYPH),-1,1.363532863718007,-0.2810316953372536,mean reversion,2.734999895095825,2.734999895095825,1169.95,1265.43,0,1.1574906657672273,1.3542062044143677,1.3562999963760376,4,21.0,81.48433905680974,4.159881172447816,0.0,77.32445788436193,0.07732445788436193,1354.2062044143677,0.0,0.08161032522757394,40.74216952840493,40.742169528404816,0.0,1.0
2026-09-09 16:30:00+00:00,2026-09-14 17:30:00+00:00,Buy CYPH (cheap vs ZEC),1,-1.0940018675480647,0.30342698821817976,mean reversion,2.630000114440918,2.470000028610229,1277.31,1146.26,515,0.0,1.3547013998031616,1.350603103637695,22,121.0,-61.00981404593969,3.8833059554047296,0.0,-64.89312000134441,-0.06489312000134441,1354.4500589370728,-0.0608365318891636,-0.10259842951202136,-81.95023856601293,20.940424520073236,-102.89066308608619,1.0
2026-09-15 14:30:00+00:00,2026-09-17 16:30:00+00:00,Buy CYPH (cheap vs ZEC),1,-1.4135623247558242,0.27880557312667825,mean reversion,2.1777000427246094,3.135699987411499,1125.67,1469.39,619,0.0,1.3493820428848269,1.3345789909362793,16,50.0,444.3363561007069,4.906726077049734,0.0,439.4296300236572,0.4394296300236572,1347.9963264465332,0.43991363635567415,0.30534703776417604,376.3766168137555,67.95973928695139,308.416877526804,1.0
2026-09-18 14:30:00+00:00,2026-09-28 19:30:00+00:00,Buy ZEC (cheap vs CYPH),-1,1.8382225442292337,-0.39404455452204246,mean reversion,3.509999990463257,3.247400045394897,1471.52,1473.82,0,0.9066970974151837,1.3342229127883911,1.326084017753601,47,245.0,1.5726027130525064,4.015420287435731,0.0,-2.4428175743832243,-0.0024428175743832245,1334.222912788391,-0.07481479936804825,0.001563009677068683,-36.850687776941946,38.42329048999445,-75.27397826693651,1.0
2026-10-01 14:30:00+00:00,2026-10-01 17:30:00+00:00,Buy CYPH (cheap vs ZEC),1,-1.293466892889027,0.04837835944883561,mean reversion,3.06879997253418,3.240000009536743,1387.2,1360.25,431,0.0,1.323539137840271,1.318617582321167,3,3.0,55.9580100685574,4.116697015142763,0.0,51.84131305341464,0.05184131305341464,1322.6527881622317,0.0557872909719781,-0.019427623990772802,18.235467035365282,37.72254303319212,-19.487075997826715,1.0
2026-10-02 13:30:00+00:00,2026-10-06 13:30:00+00:00,Buy CYPH (cheap vs ZEC),1,-1.8579743107963478,0.008954799842372982,mean reversion,3.2100000381469727,3.1700000762939453,1384.07,1377.43,412,0.0,1.323539137840271,1.327386736869812,14,96.0,-12.415360064776356,3.9662964988550824,0.0,-16.381656563631438,-0.016381656563631438,1322.5200157165527,-0.012461047158154548,-0.00479744521592107,-8.597607981088748,-3.8177520836876084,-4.779855897401147,1.0
2025-12-05 15:30:00+00:00,2025-12-09 17:30:00+00:00,Buy CYPH (cheap vs ZEC),1,-1.2903081390979283,0.7659786244649602,mean reversion,1.2050000429153442,1.624699950218201,384.73,447.33,1107,0.0,1.3346680402755735,1.3317352533340454,16,98.0,348.87399445280175,4.699953250158035,0.0,344.1740412026437,0.3441740412026437,1333.935047507286,0.3482986658551863,0.16271151196943312,255.9271387186924,92.94685573410936,162.98028298458303,1.25
2025-12-15 18:30:00+00:00,2026-01-08 15:30:00+00:00,Buy CYPH (cheap vs ZEC),1,-1.4391581359445922,0.045054052680210385,mean reversion,1.2100000381469729,1.034999966621399,401.04,430.29,1104,0.0,1.3367732763290403,1.3435803651809692,105,573.0,-143.7949556059575,3.6994919043577434,0.0,-147.49444751031527,-0.14749444751031526,1335.840042114258,-0.1446281537259898,0.07293536804308798,-35.63988293064874,-108.15507267530877,72.51518974465999,1.25
2026-01-08 17:30:00+00:00,2026-01-16 20:30:00+00:00,Buy ZEC (cheap vs CYPH),-1,1.3795648461679624,-0.047980281125158675,mean reversion,1.1050000190734863,1.0399999618530271,421.17,413.51,0,3.1890858271767484,1.3431472778320312,1.338186502456665,45,195.0,-18.254852661664064,3.9709044710508303,0.0,-22.225757132714893,-0.022225757132714893,1343.1472778320312,-0.05882358017962752,-0.01818743025381686,-38.64824852024863,20.393395858584565,-59.04164437883313,1.25
2026-01-22 15:30:00+00:00,2026-02-02 19:30:00+00:00,Buy CYPH (cheap vs ZEC),1,-1.2561962785153455,1.3239186903165634,mean reversion,0.8788999915122986,0.7947999835014343,357.0,294.7,1530,0.0,1.3447366952896118,1.3719868659973145,44,268.0,-93.78589215800422,3.772646513234233,0.0,-97.55853867123845,-0.09755853867123845,1344.7169870138168,-0.09568780159635193,-0.17450980392156867,-132.4135525620685,38.62766040406429,-171.0412129661328,1.25
2026-02-04 16:30:00+00:00,2026-02-11 18:30:00+00:00,Buy ZEC (cheap vs CYPH),-1,1.4409942028038831,-0.14357110916282737,mean reversion,0.7250000238418579,0.5979999899864197,266.7,239.48,0,5.123570566996234,1.3664562702178955,1.3658403158187866,37,170.0,-102.10826933310473,3.796685403371926,0.0,-105.90495473647665,-0.10590495473647665,1366.4562702178955,-0.17517245472965715,-0.10206224221972249,-138.67986088159194,36.571591548487206,-175.2514524300792,1.25
2026-02-17 15:30:00+00:00,2026-02-23 16:30:00+00:00,Buy CYPH (cheap vs ZEC),1,-1.7870767395267229,0.0632806946309238,mean reversion,0.659500002861023,0.6330999732017517,282.26,242.49,2050,0.0,1.352027416229248,1.3496551513671875,29,145.0,-40.099176998422855,3.9231618170669877,0.0,-44.022338815489846,-0.04402233881548984,1351.975005865097,-0.040030370803250115,-0.14089846241054338,-90.61991135202011,50.520734353597256,-141.14064570561735,1.25
2026-02-25 17:30:00+00:00,2026-03-05 18:30:00+00:00,Buy ZEC (cheap vs CYPH),-1,1.6636009959958993,-0.06630901756293228,mean reversion,0.6970000267028809,0.6220999956130981,253.9,228.94,0,5.336728045300923,1.3549952507019043,1.3331555128097534,43,193.0,-99.91687446123167,3.8329302274963437,0.0,-103.74980468872802,-0.10374980468872802,1354.9952507019043,-0.10746058568188732,-0.09830641985033484,-104.56893909536765,4.652064634135982,-109.22100372950362,1.25
2026-03-06 16:30:00+00:00,2026-03-11 14:30:00+00:00,Buy CYPH (cheap vs ZEC),1,-1.7452253621596105,0.03590567171413902,mean reversion,0.5318999886512756,0.5893999934196472,211.36,215.27,2511,0.0,1.3359339237213137,1.3418675661087036,20,118.0,107.59818302492955,4.205357502268715,0.0,103.39282552266084,0.10339282552266084,1335.6008715033531,0.10810303815605038,0.01849924299772887,63.00551608593029,44.592666938999265,18.412849146930974,1.25
2026-03-12 18:30:00+00:00,2026-03-16 15:30:00+00:00,Buy ZEC (cheap vs CYPH),-1,1.2862029870873313,-0.008908121472933975,mean reversion,0.617900013923645,0.6328999996185303,211.01,233.84,0,6.329618377779554,1.3356127738952637,1.329790711402893,11,93.0,108.66761688556109,4.226091592861987,0.0,104.4415252926991,0.1044415252926991,1335.6127738952637,0.024275749080560516,0.10819392445855658,66.5248247770981,42.142792108462984,24.382032668635084,1.25
2026-03-17 16:30:00+00:00,2026-03-27 15:30:00+00:00,Buy ZEC (cheap vs CYPH),-1,1.7722322582806667,-0.2027094955698044,mean reversion,0.8141000270843506,0.6437000036239624,270.31,217.5,0,4.936379459526884,1.334352731704712,1.3311538696289062,55,239.0,-195.83776541947694,3.6131306183956156,0.0,-199.45089603787255,-0.19945089603787255,1334.352731704712,-0.20931091732138307,-0.19536828086271318,-202.8258362466978,6.9880708272208665,-209.81390707391867,1.25
2026-03-30 19:30:00+00:00,2026-03-31 17:30:00+00:00,Buy CYPH (cheap vs ZEC),1,-1.6809183962331788,0.36455451346914053,mean reversion,0.6200000047683716,0.7799999713897705,223.21,253.94,2126,0.0,1.3184645175933838,1.3215888738632202,5,22.0,257.3871010602193,4.509002077923782,0.0,252.87809898229554,0.2528780989822955,1318.120010137558,0.25806446030782526,0.1376730433224318,197.3493923159772,60.03770874424211,137.31168357173513,1.25
2026-04-06 15:30:00+00:00,2026-04-10 16:30:00+00:00,Buy CYPH (cheap vs ZEC),1,-1.567132940565114,0.3741175435427616,mean reversion,0.7336000204086304,1.1150000095367432,253.21,376.95,1804,0.0,1.3238544464111328,1.345833420753479,29,97.0,511.2412649121954,4.988501654731105,0.0,506.25276325746427,0.5062527632574643,1323.4144368171692,0.5199018245878253,0.4886852809920619,495.89299675912906,15.348268153066329,480.54472860606273,1.25
2026-04-15 17:30:00+00:00,2026-04-20 14:30:00+00:00,Buy CYPH (cheap vs ZEC),1,-1.3722116449124953,0.027695895300698523,mean reversion,0.8989999890327454,0.829800009727478,356.69,310.16,1509,0.0,1.3572977781295776,1.353313684463501,18,117.0,-77.16080164595772,3.849480292751573,0.0,-81.0102819387093,-0.0810102819387093,1356.5909834504128,-0.07697439393711358,-0.13044940985169184,-103.96305941605591,26.802257770098194,-130.7653171861541,1.25
2026-04-24 19:30:00+00:00,2026-04-27 15:30:00+00:00,Buy ZEC (cheap vs CYPH),-1,1.513270541397226,-0.09896037826117399,mean reversion,1.000100016593933,0.9408000111579896,360.95,356.3,0,3.7479156238383116,1.3528101444244385,1.3554543256759644,3,68.0,-12.85753958707301,3.9703833784404887,0.0,-16.827922965513498,-0.016827922965513498,1352.8101444244385,-0.059294075044517114,-0.01288267073001792,-36.01797272904824,23.16043314197523,-59.1784058710235,1.25
2026-05-01 13:30:00+00:00,2026-05-14 16:30:00+00:00,Buy CYPH (cheap vs ZEC),1,-1.371975101625464,0.27703854771763625,mean reversion,0.8991000056266785,1.1900999546051023,350.47,543.16,1516,0.0,1.36314058303833,1.3479995727539062,66,315.0,327.2671086608934,4.676688864204974,0.0,322.5904197966885,0.32259041979668845,1363.0356085300446,0.32365693155078445,0.5498045481781606,441.60217985738444,-114.33507119649101,555.9372510538756,1.25
2026-05-18 16:30:00+00:00,2026-05-21 18:30:00+00:00,Buy CYPH (cheap vs ZEC),1,-1.2630421682774216,0.5241393091568693,mean reversion,0.9915000200271606,1.3650000095367432,529.48,671.42,1353,0.0,1.342227816581726,1.3444112539291382,23,74.0,375.8860871846742,4.746355377932371,0.0,371.1397318067418,0.3711397318067418,1341.4995270967484,0.37670194852779826,0.26807433708544215,321.6899143418473,54.196172842826854,267.49374149902053,1.25
2026-05-26 14:30:00+00:00,2026-05-27 14:30:00+00:00,Buy ZEC (cheap vs CYPH),-1,1.8605899671238308,-0.5368931368831484,mean reversion,1.3640999794006348,1.100000023841858,623.11,570.57,0,2.1607489638755486,1.3463842868804932,1.344700574874878,7,24.0,-84.42455717146147,3.8336551041233653,0.0,-88.25821227558484,-0.08825821227558484,1346.3842868804932,-0.19360747712555382,-0.08431898059732623,-139.13722600336496,54.712668831903486,-193.8498948352685,1.25
2026-05-28 15:30:00+00:00,2026-05-29 14:30:00+00:00,Buy ZEC (cheap vs CYPH),-1,1.4441340900213637,-0.05323542780749487,mean reversion,1.149999976158142,1.0549999475479126,534.19,532.48,0,2.5143624512477416,1.3431472778320312,1.3440499305725098,6,23.0,-3.1989583822993053,3.992258899890875,0.0,-7.1912172821901805,-0.007191217282190181,1343.1472778320312,-0.08260872224328253,-0.003201108219921811,-42.87610064783347,39.677142265534165,-82.55324291336763,1.25
2026-06-01 13:30:00+00:00,2026-06-01 15:30:00+00:00,Buy ZEC (cheap vs CYPH),-1,1.4867150672491982,-0.1019913257980045,mean reversion,1.090000033378601,1.0499999523162842,537.62,529.19,0,2.5044767049747776,1.34645676612854,1.3436886072158811,2,2.0,-15.712523355156508,3.97269519200838,0.0,-19.685218547164887,-0.019685218547164887,1346.45676612854,-0.03669732095175382,-0.01568022022990212,-26.24272258411962,10.530199228963111,-36.77292181308269,1.25
2026-06-04 19:30:00+00:00,2026-06-18 14:30:00+00:00,Buy CYPH (cheap vs ZEC),1,-1.6310035855340999,0.10670051040052328,mean reversion,1.0149999856948853,0.7684999704360962,540.16,473.37,1322,0.0,1.3425161838531494,1.3238370418548584,65,331.0,-246.15795590334216,3.533844836723493,0.0,-249.69180074006564,-0.24969180074006564,1341.8299810886383,-0.2428571613131908,-0.12364854857819896,-185.7435372420859,-60.41441866125626,-125.32911858082964,1.25
2026-06-24 18:30:00+00:00,2026-06-29 16:30:00+00:00,Buy CYPH (cheap vs ZEC),1,-1.2526235734904478,0.7044078361119428,mean reversion,0.6158999800682068,0.6194000244140625,403.83,386.03,2136,0.0,1.3157029151916504,1.3252756595611572,19,118.0,5.641162024528079,3.996410123695094,0.0,1.6447519008329845,0.0016447519008329844,1315.5623574256897,0.005682812890281497,-0.04407795359433431,-19.05686619002748,24.69802821455556,-43.75489440458305,1.25
2026-07-01 15:30:00+00:00,2026-07-02 14:30:00+00:00,Buy ZEC (cheap vs CYPH),-1,2.140429561403779,-1.4235773111245247,mean reversion,0.6869000196456909,0.6740999817848206,414.74,441.56,0,3.201291974682975,1.327703833580017,1.3373990058898926,6,23.0,64.19823133027367,4.113897913959407,0.0,60.084333416314266,0.060084333416314264,1327.703833580017,-0.0186344991917059,0.06466702030187577,22.84940936779692,41.34882196247675,-18.49941259467975,1.25
2026-07-06 14:30:00+00:00,2026-07-21 14:30:00+00:00,Buy CYPH (cheap vs ZEC),1,-1.5445785975064228,0.002732564091310105,mean reversion,0.6736999750137329,0.7689999938011169,447.62,544.04,1981,0.0,1.3346501588821411,1.3380612134933472,77,360.0,141.09170441083594,4.276933723047504,0.0,136.81477068778844,0.13681477068778844,1334.599650502205,0.14145765522025044,0.21540592466824537,177.9701870861083,-36.87848267527235,214.8486697613808,1.25
2026-07-23 15:30:00+00:00,2026-07-30 14:30:00+00:00,Buy CYPH (cheap vs ZEC),1,-1.6650530885275585,0.7544601445636845,mean reversion,0.6581000089645386,0.6402000188827515,514.77,475.55,2023,0.0,1.3319835662841797,1.3426424264907837,34,167.0,-26.970457078509348,3.9282456521134566,0.0,-30.898702730622805,-0.030898702730622805,1331.3363181352615,-0.027199498310220616,-0.07618936612467697,-51.259124319756886,24.288667241247538,-75.54779156100437,1.25
2026-08-04 15:30:00+00:00,2026-08-12 18:30:00+00:00,Buy ZEC (cheap vs CYPH),-1,1.661459093940232,-0.030349033804253956,mean reversion,0.6761999726295471,0.6873000264167786,490.73,496.32,0,2.740315071631291,1.3447548151016235,1.3493638038635254,45,195.0,11.352284096074765,4.01587321737526,0.0,7.336410878699505,0.007336410878699505,1344.7548151016235,0.016415341964695074,0.011391192712897125,13.855778290449944,-2.503494194375179,16.359272484825055,1.25
2026-08-13 15:30:00+00:00,2026-08-17 15:30:00+00:00,Buy CYPH (cheap vs ZEC),1,-1.8809187188129457,0.9334495115075868,mean reversion,0.6381000280380249,0.7120000123977661,491.6,513.81,2116,0.0,1.3507671356201172,1.3552706241607666,14,96.0,115.38091663577814,4.222497407964006,0.0,111.15841922781414,0.11115841922781414,1350.2196593284607,0.11581253896346388,0.04517900732302671,80.19577304581267,35.18514358996546,45.0106294558473,1.25
2026-08-18 14:30:00+00:00,2026-09-01 19:30:00+00:00,Buy ZEC (cheap vs CYPH),-1,3.8023537515280372,-0.2795907305559944,mean reversion,0.7843999862670898,1.6950000524520874,509.65,832.61,0,2.656985952518972,1.354132890701294,1.3514426946640017,75,341.0,634.9512166617392,5.273883654351813,0.0,629.6773330073873,0.6296773330073874,1354.132890701294,1.1608874070976034,0.6336897871088003,899.0747492188375,-264.1235325570983,1163.1982817759358,1.25
2026-09-03 16:30:00+00:00,2026-09-08 14:30:00+00:00,Buy ZEC (cheap vs CYPH),-1,1.2777902822811256,-0.12393383276080053,mean reversion,2.134999990463257,2.494999885559082,938.05,1163.56,0,1.4427019445304328,1.3533265590667725,1.3551052808761597,12,118.0,240.08740878103802,4.477549601891399,0.0,235.6098591791466,0.23560985917914662,1353.3265590667725,0.1686182185966716,0.24040296359469115,204.24214889139938,35.84525988963864,168.39688900176068,1.25
2026-09-08 18:30:00+00:00,2026-09-09 15:30:00+00:00,Buy ZEC (cheap vs CYPH),-1,1.363532863718007,-0.2810316953372536,mean reversion,2.734999895095825,2.734999895095825,1169.95,1265.43,0,1.1574906657672273,1.3542062044143677,1.3562999963760376,4,21.0,81.48433905680974,4.159881172447816,0.0,77.32445788436193,0.07732445788436193,1354.2062044143677,0.0,0.08161032522757394,40.74216952840493,40.742169528404816,0.0,1.25
2026-09-09 17:30:00+00:00,2026-09-14 17:30:00+00:00,Buy CYPH (cheap vs ZEC),1,-1.4700016608261517,0.30342698821817976,mean reversion,2.5850000381469727,2.470000028610229,1280.5,1146.26,524,0.0,1.355197191238403,1.350603103637695,21,120.0,-44.61710833845281,3.91562579421549,0.0,-48.532734132668296,-0.048532734132668294,1354.5400199890137,-0.04448743049891013,-0.10483404919953143,-74.87837083697896,30.26126249852615,-105.13963333550517,1.25
2026-09-15 14:30:00+00:00,2026-09-17 16:30:00+00:00,Buy CYPH (cheap vs ZEC),1,-1.4135623247558242,0.27880557312667825,mean reversion,2.1777000427246094,3.135699987411499,1125.67,1469.39,619,0.0,1.3493820428848269,1.3345789909362793,16,50.0,444.3363561007069,4.906726077049734,0.0,439.4296300236572,0.4394296300236572,1347.9963264465332,0.43991363635567415,0.30534703776417604,376.3766168137555,67.95973928695139,308.416877526804,1.25
2026-09-18 14:30:00+00:00,2026-09-28 19:30:00+00:00,Buy ZEC (cheap vs CYPH),-1,1.8382225442292337,-0.39404455452204246,mean reversion,3.509999990463257,3.247400045394897,1471.52,1473.82,0,0.9066970974151837,1.3342229127883911,1.326084017753601,47,245.0,1.5726027130525064,4.015420287435731,0.0,-2.4428175743832243,-0.0024428175743832245,1334.222912788391,-0.07481479936804825,0.001563009677068683,-36.850687776941946,38.42329048999445,-75.27397826693651,1.25
2026-10-01 14:30:00+00:00,2026-10-01 17:30:00+00:00,Buy CYPH (cheap vs ZEC),1,-1.293466892889027,0.04837835944883561,mean reversion,3.06879997253418,3.240000009536743,1387.2,1360.25,431,0.0,1.323539137840271,1.318617582321167,3,3.0,55.9580100685574,4.116697015142763,0.0,51.84131305341464,0.05184131305341464,1322.6527881622317,0.0557872909719781,-0.019427623990772802,18.235467035365282,37.72254303319212,-19.487075997826715,1.25
2026-10-02 13:30:00+00:00,2026-10-06 13:30:00+00:00,Buy CYPH (cheap vs ZEC),1,-1.8579743107963478,0.008954799842372982,mean reversion,3.2100000381469727,3.1700000762939453,1384.07,1377.43,412,0.0,1.323539137840271,1.327386736869812,14,96.0,-12.415360064776356,3.9662964988550824,0.0,-16.381656563631438,-0.016381656563631438,1322.5200157165527,-0.012461047158154548,-0.00479744521592107,-8.597607981088748,-3.8177520836876084,-4.779855897401147,1.25
2025-12-08 16:30:00+00:00,2025-12-09 17:30:00+00:00,Buy CYPH (cheap vs ZEC),1,-1.5369863606430372,0.7659786244649602,mean reversion,1.2799999713897705,1.624699950218201,422.67,447.33,1040,0.0,1.331256628036499,1.3317352533340454,8,25.0,269.1886222010572,4.537488236998494,0.0,264.6511339640587,0.2646511339640587,1331.1999702453613,0.2692968644789653,0.05834338845908138,163.75427994054448,105.43434226051275,58.31993768003165,1.5
2025-12-15 19:30:00+00:00,2026-01-08 15:30:00+00:00,Buy CYPH (cheap vs ZEC),1,-1.7871609844249157,0.045054052680210385,mean reversion,1.2000999450683594,1.034999966621399,410.72,430.29,1113,0.0,1.3366124629974363,1.3435803651809692,104,572.0,-136.76612190348325,3.713405569724079,0.0,-140.47952747320733,-0.14047952747320733,1335.711238861084,-0.13757185734856114,0.04764803272302287,-44.69857788429591,-92.06754401918735,47.368966134891394,1.5
2026-01-08 19:30:00+00:00,2026-01-16 20:30:00+00:00,Buy ZEC (cheap vs CYPH),-1,1.691404434787548,-0.047980281125158675,mean reversion,1.1699999570846558,1.0399999618530271,435.69,413.51,0,3.0809840483143307,1.3423539400100708,1.338186502456665,43,193.0,-51.06629462048757,3.9040958961693244,0.0,-54.97039051665689,-0.05497039051665689,1342.3539400100708,-0.11111111111111127,-0.05090775551424176,-81.26171634941885,30.19542172893128,-111.45713807835014,1.5
2026-01-23 15:30:00+00:00,2026-02-02 19:30:00+00:00,Buy CYPH (cheap vs ZEC),1,-2.5776082749758573,1.3239186903165634,mean reversion,0.8700000047683716,0.7947999835014343,362.88,294.7,1556,0.0,1.3537845611572266,1.3719868659973145,37,244.0,-85.28597174747547,3.802704360051788,0.0,-89.08867610752726,-0.08908867610752726,1353.7200074195862,-0.0864368055802005,-0.18788580246913578,-135.3351158846424,50.04914413716692,-185.3842600218093,1.5
2026-02-04 17:30:00+00:00,2026-02-11 18:30:00+00:00,Buy ZEC (cheap vs CYPH),-1,1.6556518554311264,-0.14357110916282737,mean reversion,0.7174999713897705,0.5979999899864197,258.1,239.48,0,5.291614454876124,1.3657656908035278,1.3658403158187866,36,169.0,-72.13863876226809,3.855613449064225,0.0,-75.99425221133231,-0.07599425221133231,1365.7656908035278,-0.16655050337059085,-0.07214258039519583,-119.34002118101776,47.201382418749674,-166.5414035997674,1.5
2026-02-17 15:30:00+00:00,2026-02-23 16:30:00+00:00,Buy CYPH (cheap vs ZEC),1,-1.7870767395267229,0.0632806946309238,mean reversion,0.659500002861023,0.6330999732017517,282.26,242.49,2050,0.0,1.352027416229248,1.3496551513671875,29,145.0,-40.099176998422855,3.9231618170669877,0.0,-44.022338815489846,-0.04402233881548984,1351.975005865097,-0.040030370803250115,-0.14089846241054338,-90.61991135202011,50.520734353597256,-141.14064570561735,1.5
2026-02-25 17:30:00+00:00,2026-03-05 18:30:00+00:00,Buy ZEC (cheap vs CYPH),-1,1.6636009959958993,-0.06630901756293228,mean reversion,0.6970000267028809,0.6220999956130981,253.9,228.94,0,5.336728045300923,1.3549952507019043,1.3331555128097534,43,193.0,-99.91687446123167,3.8329302274963437,0.0,-103.74980468872802,-0.10374980468872802,1354.9952507019043,-0.10746058568188732,-0.09830641985033484,-104.56893909536765,4.652064634135982,-109.22100372950362,1.5
2026-03-06 16:30:00+00:00,2026-03-11 14:30:00+00:00,Buy CYPH (cheap vs ZEC),1,-1.7452253621596105,0.03590567171413902,mean reversion,0.5318999886512756,0.5893999934196472,211.36,215.27,2511,0.0,1.3359339237213137,1.3418675661087036,20,118.0,107.59818302492955,4.205357502268715,0.0,103.39282552266084,0.10339282552266084,1335.6008715033531,0.10810303815605038,0.01849924299772887,63.00551608593029,44.592666938999265,18.412849146930974,1.5
2026-03-17 16:30:00+00:00,2026-03-27 15:30:00+00:00,Buy ZEC (cheap vs CYPH),-1,1.7722322582806667,-0.2027094955698044,mean reversion,0.8141000270843506,0.6437000036239624,270.31,217.5,0,4.936379459526884,1.334352731704712,1.3311538696289062,55,239.0,-195.83776541947694,3.6131306183956156,0.0,-199.45089603787255,-0.19945089603787255,1334.352731704712,-0.20931091732138307,-0.19536828086271318,-202.8258362466978,6.9880708272208665,-209.81390707391867,1.5
2026-03-30 19:30:00+00:00,2026-03-31 17:30:00+00:00,Buy CYPH (cheap vs ZEC),1,-1.6809183962331788,0.36455451346914053,mean reversion,0.6200000047683716,0.7799999713897705,223.21,253.94,2126,0.0,1.3184645175933838,1.3215888738632202,5,22.0,257.3871010602193,4.509002077923782,0.0,252.87809898229554,0.2528780989822955,1318.120010137558,0.25806446030782526,0.1376730433224318,197.3493923159772,60.03770874424211,137.31168357173513,1.5
2026-04-06 15:30:00+00:00,2026-04-10 16:30:00+00:00,Buy CYPH (cheap vs ZEC),1,-1.567132940565114,0.3741175435427616,mean reversion,0.7336000204086304,1.1150000095367432,253.21,376.95,1804,0.0,1.3238544464111328,1.345833420753479,29,97.0,511.2412649121954,4.988501654731105,0.0,506.25276325746427,0.5062527632574643,1323.4144368171692,0.5199018245878253,0.4886852809920619,495.89299675912906,15.348268153066329,480.54472860606273,1.5
2026-04-24 19:30:00+00:00,2026-04-27 15:30:00+00:00,Buy ZEC (cheap vs CYPH),-1,1.513270541397226,-0.09896037826117399,mean reversion,1.000100016593933,0.9408000111579896,360.95,356.3,0,3.7479156238383116,1.3528101444244385,1.3554543256759644,3,68.0,-12.85753958707301,3.9703833784404887,0.0,-16.827922965513498,-0.016827922965513498,1352.8101444244385,-0.059294075044517114,-0.01288267073001792,-36.01797272904824,23.16043314197523,-59.1784058710235,1.5
2026-05-01 14:30:00+00:00,2026-05-14 16:30:00+00:00,Buy CYPH (cheap vs ZEC),1,-4.0328492095434845,0.27703854771763625,mean reversion,0.8598999977111816,1.1900999546051023,349.86,543.16,1585,0.0,1.363772749900818,1.3479995727539062,65,314.0,388.2545234103062,4.797459030070263,0.0,383.4570643802359,0.3834570643802359,1362.941496372223,0.38399809021144615,0.5525067169725031,473.44275512470597,-85.18823171439976,558.6309868391057,1.5
2026-05-18 19:30:00+00:00,2026-05-21 18:30:00+00:00,Buy CYPH (cheap vs ZEC),1,-1.755251188367582,0.5241393091568693,mean reversion,0.986299991607666,1.3650000095367432,549.3,671.42,1358,0.0,1.3402490615844729,1.3444112539291382,20,71.0,382.527759154561,4.756319814256351,0.0,377.77143934030465,0.37777143934030466,1339.3953886032104,0.3839602769455541,0.222319315492445,302.0088116424276,80.51894751213342,221.48986413029408,1.5
2026-05-26 14:30:00+00:00,2026-05-27 14:30:00+00:00,Buy ZEC (cheap vs CYPH),-1,1.8605899671238308,-0.5368931368831484,mean reversion,1.3640999794006348,1.100000023841858,623.11,570.57,0,2.1607489638755486,1.3463842868804932,1.344700574874878,7,24.0,-84.42455717146147,3.8336551041233653,0.0,-88.25821227558484,-0.08825821227558484,1346.3842868804932,-0.19360747712555382,-0.08431898059732623,-139.13722600336496,54.712668831903486,-193.8498948352685,1.5
2026-06-04 19:30:00+00:00,2026-06-18 14:30:00+00:00,Buy CYPH (cheap vs ZEC),1,-1.6310035855340999,0.10670051040052328,mean reversion,1.0149999856948853,0.7684999704360962,540.16,473.37,1322,0.0,1.3425161838531494,1.3238370418548584,65,331.0,-246.15795590334216,3.533844836723493,0.0,-249.69180074006564,-0.24969180074006564,1341.8299810886383,-0.2428571613131908,-0.12364854857819896,-185.7435372420859,-60.41441866125626,-125.32911858082964,1.5
2026-06-24 19:30:00+00:00,2026-06-29 16:30:00+00:00,Buy CYPH (cheap vs ZEC),1,-1.5745151448175934,0.7044078361119428,mean reversion,0.6136000156402588,0.6194000244140625,403.21,386.03,2144,0.0,1.3161357641220093,1.3252756595611572,18,117.0,9.383118690305434,4.003224465656965,0.0,5.379894224648469,0.005379894224648469,1315.5584335327148,0.009452426052746654,-0.04260807023635327,-16.456269686337187,25.83938837664262,-42.29565806297985,1.5
2026-07-01 15:30:00+00:00,2026-07-02 14:30:00+00:00,Buy ZEC (cheap vs CYPH),-1,2.140429561403779,-1.4235773111245247,mean reversion,0.6869000196456909,0.6740999817848206,414.74,441.56,0,3.201291974682975,1.327703833580017,1.3373990058898926,6,23.0,64.19823133027367,4.113897913959407,0.0,60.084333416314266,0.060084333416314264,1327.703833580017,-0.0186344991917059,0.06466702030187577,22.84940936779692,41.34882196247675,-18.49941259467975,1.5
2026-07-06 14:30:00+00:00,2026-07-21 14:30:00+00:00,Buy CYPH (cheap vs ZEC),1,-1.5445785975064228,0.002732564091310105,mean reversion,0.6736999750137329,0.7689999938011169,447.62,544.04,1981,0.0,1.3346501588821411,1.3380612134933472,77,360.0,141.09170441083594,4.276933723047504,0.0,136.81477068778844,0.13681477068778844,1334.599650502205,0.14145765522025044,0.21540592466824537,177.9701870861083,-36.87848267527235,214.8486697613808,1.5
2026-07-23 15:30:00+00:00,2026-07-30 14:30:00+00:00,Buy CYPH (cheap vs ZEC),1,-1.6650530885275585,0.7544601445636845,mean reversion,0.6581000089645386,0.6402000188827515,514.77,475.55,2023,0.0,1.3319835662841797,1.3426424264907837,34,167.0,-26.970457078509348,3.9282456521134566,0.0,-30.898702730622805,-0.030898702730622805,1331.3363181352615,-0.027199498310220616,-0.07618936612467697,-51.259124319756886,24.288667241247538,-75.54779156100437,1.5
2026-08-04 15:30:00+00:00,2026-08-12 18:30:00+00:00,Buy ZEC (cheap vs CYPH),-1,1.661459093940232,-0.030349033804253956,mean reversion,0.6761999726295471,0.6873000264167786,490.73,496.32,0,2.740315071631291,1.3447548151016235,1.3493638038635254,45,195.0,11.352284096074765,4.01587321737526,0.0,7.336410878699505,0.007336410878699505,1344.7548151016235,0.016415341964695074,0.011391192712897125,13.855778290449944,-2.503494194375179,16.359272484825055,1.5
2026-08-13 15:30:00+00:00,2026-08-17 15:30:00+00:00,Buy CYPH (cheap vs ZEC),1,-1.8809187188129457,0.9334495115075868,mean reversion,0.6381000280380249,0.7120000123977661,491.6,513.81,2116,0.0,1.3507671356201172,1.3552706241607666,14,96.0,115.38091663577814,4.222497407964006,0.0,111.15841922781414,0.11115841922781414,1350.2196593284607,0.11581253896346388,0.04517900732302671,80.19577304581267,35.18514358996546,45.0106294558473,1.5
2026-08-18 14:30:00+00:00,2026-09-01 19:30:00+00:00,Buy ZEC (cheap vs CYPH),-1,3.8023537515280372,-0.2795907305559944,mean reversion,0.7843999862670898,1.6950000524520874,509.65,832.61,0,2.656985952518972,1.354132890701294,1.3514426946640017,75,341.0,634.9512166617392,5.273883654351813,0.0,629.6773330073873,0.6296773330073874,1354.132890701294,1.1608874070976034,0.6336897871088003,899.0747492188375,-264.1235325570983,1163.1982817759358,1.5
2026-09-04 13:30:00+00:00,2026-09-08 14:30:00+00:00,Buy ZEC (cheap vs CYPH),-1,1.5724507076088228,-0.12393383276080053,mean reversion,2.220000028610229,2.494999885559082,976.2,1163.56,0,1.3833815532247444,1.3504570722579956,1.3551052808761597,8,97.0,191.26954301632216,4.375678794535354,0.0,186.8938642217868,0.1868938642217868,1350.4570722579956,0.12387380783999768,0.19192788363040347,157.3592228204945,33.910320195827666,123.44890262466681,1.5
2026-09-08 19:30:00+00:00,2026-09-09 15:30:00+00:00,Buy ZEC (cheap vs CYPH),-1,1.61227133374462,-0.2810316953372536,mean reversion,2.744999885559082,2.734999895095825,1151.83,1265.43,0,1.1759384807179543,1.354481220245361,1.3562999963760376,3,20.0,98.49340984037173,4.194304852364462,0.0,94.29910498800726,0.09429910498800725,1354.481220245361,-0.00364298392719975,0.09862566524573957,47.427655547542635,51.06575429282909,-3.6380987452865057,1.5
2026-09-09 18:30:00+00:00,2026-09-14 17:30:00+00:00,Buy CYPH (cheap vs ZEC),1,-1.7780988552215415,0.30342698821817976,mean reversion,2.520900011062622,2.470000028610229,1272.28,1146.26,537,0.0,1.3559505939483645,1.350603103637695,20,119.0,-20.23784078632424,3.960859570944394,0.0,-24.198700357268635,-0.024198700357268635,1353.723305940628,-0.020191194505543852,-0.09905052346967647,-59.75859681822445,39.520756031900206,-99.27935285012464,1.5
2026-09-15 15:30:00+00:00,2026-09-17 16:30:00+00:00,Buy CYPH (cheap vs ZEC),1,-1.572747623186939,0.27880557312667825,mean reversion,2.1496999263763428,3.135699987411499,1123.63,1469.39,627,0.0,1.3488359451293943,1.3345789909362793,15,49.0,463.233755714472,4.94492886540543,0.0,458.2888268490666,0.4582888268490666,1347.861853837967,0.45866869554078393,0.30771695308954006,387.00668455487545,76.22707115959656,310.7796133952788,1.5
2026-09-18 14:30:00+00:00,2026-09-28 19:30:00+00:00,Buy ZEC (cheap vs CYPH),-1,1.8382225442292337,-0.39404455452204246,mean reversion,3.509999990463257,3.247400045394897,1471.52,1473.82,0,0.9066970974151837,1.3342229127883911,1.326084017753601,47,245.0,1.5726027130525064,4.015420287435731,0.0,-2.4428175743832243,-0.0024428175743832245,1334.222912788391,-0.07481479936804825,0.001563009677068683,-36.850687776941946,38.42329048999445,-75.27397826693651,1.5
2026-10-02 13:30:00+00:00,2026-10-06 13:30:00+00:00,Buy CYPH (cheap vs ZEC),1,-1.8579743107963478,0.008954799842372982,mean reversion,3.2100000381469727,3.1700000762939453,1384.07,1377.43,412,0.0,1.323539137840271,1.327386736869812,14,96.0,-12.415360064776356,3.9662964988550824,0.0,-16.381656563631438,-0.016381656563631438,1322.5200157165527,-0.012461047158154548,-0.00479744521592107,-8.597607981088748,-3.8177520836876084,-4.779855897401147,1.5
2025-12-08 20:30:00+00:00,2025-12-09 17:30:00+00:00,Buy CYPH (cheap vs ZEC),1,-1.9322298191043439,0.7659786244649602,mean reversion,1.183500051498413,1.624699950218201,410.75,447.33,1126,0.0,1.3327292203903198,1.3317352533340454,4,21.0,373.0404258014101,4.747248835880571,0.0,368.29317696552954,0.36829317696552955,1332.6210579872131,0.37279246262912347,0.08905660377358493,231.07813281924237,141.96229298216772,89.11583983707463,1.75
2025-12-15 19:30:00+00:00,2026-01-08 15:30:00+00:00,Buy CYPH (cheap vs ZEC),1,-1.7871609844249157,0.045054052680210385,mean reversion,1.2000999450683594,1.034999966621399,410.72,430.29,1113,0.0,1.3366124629974363,1.3435803651809692,104,572.0,-136.76612190348325,3.713405569724079,0.0,-140.47952747320733,-0.14047952747320733,1335.711238861084,-0.13757185734856114,0.04764803272302287,-44.69857788429591,-92.06754401918735,47.368966134891394,1.75
2026-01-08 20:30:00+00:00,2026-01-16 20:30:00+00:00,Buy ZEC (cheap vs CYPH),-1,1.8340298131523158,-0.047980281125158675,mean reversion,1.159999966621399,1.0399999618530271,429.94,413.51,0,3.1240342322929506,1.3431472778320312,1.338186502456665,42,192.0,-38.35629962067665,3.9307015771328055,0.0,-42.28700119780946,-0.04228700119780946,1343.1472778320312,-0.1034482829494231,-0.03821463460017682,-71.09403723889761,32.73773761822096,-103.83177485711855,1.75
2026-01-23 15:30:00+00:00,2026-02-02 19:30:00+00:00,Buy CYPH (cheap vs ZEC),1,-2.5776082749758573,1.3239186903165634,mean reversion,0.8700000047683716,0.7947999835014343,362.88,294.7,1556,0.0,1.3537845611572266,1.3719868659973145,37,244.0,-85.28597174747547,3.802704360051788,0.0,-89.08867610752726,-0.08908867610752726,1353.7200074195862,-0.0864368055802005,-0.18788580246913578,-135.3351158846424,50.04914413716692,-185.3842600218093,1.75
2026-02-05 15:30:00+00:00,2026-02-11 18:30:00+00:00,Buy ZEC (cheap vs CYPH),-1,2.630091689858502,-0.14357110916282737,mean reversion,0.7031999826431274,0.5979999899864197,222.92,239.48,0,6.072550193852333,1.353692889213562,1.3658403158187866,31,147.0,73.62605280098985,4.129464628596745,0.0,69.4965881723931,0.0694965881723931,1353.692889213562,-0.1496018135001811,0.07428673963753818,-37.322620645201624,110.94867344619148,-148.27129409139314,1.75
2026-02-17 15:30:00+00:00,2026-02-23 16:30:00+00:00,Buy CYPH (cheap vs ZEC),1,-1.7870767395267229,0.0632806946309238,mean reversion,0.659500002861023,0.6330999732017517,282.26,242.49,2050,0.0,1.352027416229248,1.3496551513671875,29,145.0,-40.099176998422855,3.9231618170669877,0.0,-44.022338815489846,-0.04402233881548984,1351.975005865097,-0.040030370803250115,-0.14089846241054338,-90.61991135202011,50.520734353597256,-141.14064570561735,1.75
2026-02-25 19:30:00+00:00,2026-03-05 18:30:00+00:00,Buy ZEC (cheap vs CYPH),-1,1.7669617181300368,-0.06630901756293228,mean reversion,0.7111999988555908,0.6220999956130981,255.68,228.94,0,5.300508087060329,1.355233907699585,1.3331555128097534,41,191.0,-106.3158685435519,3.8204902725774694,0.0,-110.13635881612937,-0.11013635881612938,1355.233907699585,-0.12528121960892247,-0.10458385481852317,-116.83593551790622,10.520066974354322,-127.35600249226057,1.75
2026-03-06 17:30:00+00:00,2026-03-11 14:30:00+00:00,Buy CYPH (cheap vs ZEC),1,-1.7608248640201472,0.03590567171413902,mean reversion,0.5218999981880188,0.5893999934196472,207.6,215.27,2567,0.0,1.3398720026016235,1.3418675661087036,19,117.0,129.12786040582597,4.2548198997404665,0.0,124.8730405060855,0.1248730405060855,1339.7172953486443,0.12933511298329403,0.03694605009633922,83.00735321984328,46.12050718598269,36.88684603386067,1.75
2026-03-17 16:30:00+00:00,2026-03-27 15:30:00+00:00,Buy ZEC (cheap vs CYPH),-1,1.7722322582806667,-0.2027094955698044,mean reversion,0.8141000270843506,0.6437000036239624,270.31,217.5,0,4.936379459526884,1.334352731704712,1.3311538696289062,55,239.0,-195.83776541947694,3.6131306183956156,0.0,-199.45089603787255,-0.19945089603787255,1334.352731704712,-0.20931091732138307,-0.19536828086271318,-202.8258362466978,6.9880708272208665,-209.81390707391867,1.75
2026-03-31 13:30:00+00:00,2026-03-31 17:30:00+00:00,Buy CYPH (cheap vs ZEC),1,-1.9077324115823837,0.36455451346914053,mean reversion,0.699999988079071,0.7799999713897705,252.72,253.94,1891,0.0,1.3238195180892944,1.3215888738632202,4,4.0,114.46825214131579,4.231950700949447,0.0,110.23630144036633,0.11023630144036634,1323.6999774575233,0.11428569239013009,0.004827477049699214,59.651720296910774,54.81653184440501,4.83518845250578,1.75
2026-04-07 14:30:00+00:00,2026-04-10 16:30:00+00:00,Buy CYPH (cheap vs ZEC),1,-2.5741822810523995,0.3741175435427616,mean reversion,0.7321000099182129,1.1150000095367432,265.96,376.95,1808,0.0,1.32416832447052,1.345833420753479,23,74.0,514.3899598827919,4.994991480365198,0.0,509.39496840242674,0.5093949684024267,1323.636817932129,0.5230159738166187,0.41731839374342017,462.412795995419,51.97716388737291,410.4356321080459,1.75
2026-04-27 13:30:00+00:00,2026-04-27 15:30:00+00:00,Buy ZEC (cheap vs CYPH),-1,1.8727087996507796,-0.09896037826117399,mean reversion,0.9782000184059144,0.9408000111579896,356.13,356.3,0,3.805240992831892,1.3551604747772217,1.3554543256759644,2,2.0,0.47725028909319983,4.000520917692837,0.0,-3.5232706285996374,-0.0035232706285996374,1355.1604747772217,-0.03823349677387278,0.00047735377530688794,-18.873978894927703,19.3512291840209,-38.22520807894868,1.75
2026-05-01 14:30:00+00:00,2026-05-14 16:30:00+00:00,Buy CYPH (cheap vs ZEC),1,-4.0328492095434845,0.27703854771763625,mean reversion,0.8598999977111816,1.1900999546051023,349.86,543.16,1585,0.0,1.363772749900818,1.3479995727539062,65,314.0,388.2545234103062,4.797459030070263,0.0,383.4570643802359,0.3834570643802359,1362.941496372223,0.38399809021144615,0.5525067169725031,473.44275512470597,-85.18823171439976,558.6309868391057,1.75
2026-05-18 19:30:00+00:00,2026-05-21 18:30:00+00:00,Buy CYPH (cheap vs ZEC),1,-1.755251188367582,0.5241393091568693,mean reversion,0.986299991607666,1.3650000095367432,549.3,671.42,1358,0.0,1.3402490615844729,1.3444112539291382,20,71.0,382.527759154561,4.756319814256351,0.0,377.77143934030465,0.37777143934030466,1339.3953886032104,0.3839602769455541,0.222319315492445,302.0088116424276,80.51894751213342,221.48986413029408,1.75
2026-05-26 14:30:00+00:00,2026-05-27 14:30:00+00:00,Buy ZEC (cheap vs CYPH),-1,1.8605899671238308,-0.5368931368831484,mean reversion,1.3640999794006348,1.100000023841858,623.11,570.57,0,2.1607489638755486,1.3463842868804932,1.344700574874878,7,24.0,-84.42455717146147,3.8336551041233653,0.0,-88.25821227558484,-0.08825821227558484,1346.3842868804932,-0.19360747712555382,-0.08431898059732623,-139.13722600336496,54.712668831903486,-193.8498948352685,1.75
2026-06-05 13:30:00+00:00,2026-06-18 14:30:00+00:00,Buy CYPH (cheap vs ZEC),1,-1.9430653266116193,0.10670051040052328,mean reversion,0.5400000214576721,0.7684999704360962,315.7,473.37,2482,0.0,1.3405903577804563,1.3238370418548584,64,313.0,428.40384083060565,4.881186187831289,0.0,423.52265464277434,0.42352265464277433,1340.2800532579422,0.4231480368493561,0.49942983845422884,467.0184791452812,-38.614638314675574,505.63311745995674,1.75
2026-06-25 16:30:00+00:00,2026-06-29 16:30:00+00:00,Buy CYPH (cheap vs ZEC),1,-1.7783931776285022,0.7044078361119428,mean reversion,0.6060000061988831,0.6194000244140625,404.88,386.03,2180,0.0,1.3215800523757937,1.3252756595611572,14,96.0,22.042236645894683,4.036996011110837,0.0,18.005240634783846,0.018005240634783846,1321.080013513565,0.022112241052983928,-0.04655700454455647,-12.183687314711568,34.22592396060625,-46.409611275317836,1.75
2026-07-01 15:30:00+00:00,2026-07-02 14:30:00+00:00,Buy ZEC (cheap vs CYPH),-1,2.140429561403779,-1.4235773111245247,mean reversion,0.6869000196456909,0.6740999817848206,414.74,441.56,0,3.201291974682975,1.327703833580017,1.3373990058898926,6,23.0,64.19823133027367,4.113897913959407,0.0,60.084333416314266,0.060084333416314264,1327.703833580017,-0.0186344991917059,0.06466702030187577,22.84940936779692,41.34882196247675,-18.49941259467975,1.75
2026-07-07 14:30:00+00:00,2026-07-21 14:30:00+00:00,Buy CYPH (cheap vs ZEC),1,-3.862810773665741,0.002732564091310105,mean reversion,0.6488000154495239,0.7689999938011169,462.4,544.04,2060,0.0,1.337005615234375,1.3380612134933472,70,336.0,185.0527860065744,4.367099518001494,0.0,180.6856864885729,0.18068568648857292,1336.5280318260193,0.18526506703041923,0.17655709342560555,180.70378810353782,4.348997903036576,176.35479020050113,1.75
2026-07-24 19:30:00+00:00,2026-07-30 14:30:00+00:00,Buy CYPH (cheap vs ZEC),1,-2.19013411369497,0.7544601445636845,mean reversion,0.6198999881744385,0.6402000188827515,495.47,475.55,2149,0.0,1.3325693607330322,1.3426424264907837,23,139.0,32.49172313598424,4.048769607222827,0.0,28.44295352876141,0.02844295352876141,1332.1650745868683,0.032747267455344176,-0.04020425050961718,-3.699396127624453,36.19111926360869,-39.89051539123321,1.75
2026-08-04 17:30:00+00:00,2026-08-12 18:30:00+00:00,Buy ZEC (cheap vs CYPH),-1,2.0005733085030495,-0.030349033804253956,mean reversion,0.6945000290870667,0.6873000264167786,499.41,496.32,0,2.692542109815314,1.3446824550628662,1.3493638038635254,43,193.0,-6.165835407402767,3.980729727768356,0.0,-10.146565135171123,-0.010146565135171122,1344.6824550628662,-0.01036717403705889,-0.006187301015198043,-8.248521300115314,2.082685892712547,-10.331207192827815,1.75
2026-08-13 15:30:00+00:00,2026-08-17 15:30:00+00:00,Buy CYPH (cheap vs ZEC),1,-1.8809187188129457,0.9334495115075868,mean reversion,0.6381000280380249,0.7120000123977661,491.6,513.81,2116,0.0,1.3507671356201172,1.3552706241607666,14,96.0,115.38091663577814,4.222497407964006,0.0,111.15841922781414,0.11115841922781414,1350.2196593284607,0.11581253896346388,0.04517900732302671,80.19577304581267,35.18514358996546,45.0106294558473,1.75
2026-08-18 14:30:00+00:00,2026-09-01 19:30:00+00:00,Buy ZEC (cheap vs CYPH),-1,3.8023537515280372,-0.2795907305559944,mean reversion,0.7843999862670898,1.6950000524520874,509.65,832.61,0,2.656985952518972,1.354132890701294,1.3514426946640017,75,341.0,634.9512166617392,5.273883654351813,0.0,629.6773330073873,0.6296773330073874,1354.132890701294,1.1608874070976034,0.6336897871088003,899.0747492188375,-264.1235325570983,1163.1982817759358,1.75
2026-09-09 18:30:00+00:00,2026-09-14 17:30:00+00:00,Buy CYPH (cheap vs ZEC),1,-1.7780988552215415,0.30342698821817976,mean reversion,2.520900011062622,2.470000028610229,1272.28,1146.26,537,0.0,1.3559505939483645,1.350603103637695,20,119.0,-20.23784078632424,3.960859570944394,0.0,-24.198700357268635,-0.024198700357268635,1353.723305940628,-0.020191194505543852,-0.09905052346967647,-59.75859681822445,39.520756031900206,-99.27935285012464,1.75
2026-09-18 14:30:00+00:00,2026-09-28 19:30:00+00:00,Buy ZEC (cheap vs CYPH),-1,1.8382225442292337,-0.39404455452204246,mean reversion,3.509999990463257,3.247400045394897,1471.52,1473.82,0,0.9066970974151837,1.3342229127883911,1.326084017753601,47,245.0,1.5726027130525064,4.015420287435731,0.0,-2.4428175743832243,-0.0024428175743832245,1334.222912788391,-0.07481479936804825,0.001563009677068683,-36.850687776941946,38.42329048999445,-75.27397826693651,1.75
2026-10-02 13:30:00+00:00,2026-10-06 13:30:00+00:00,Buy CYPH (cheap vs ZEC),1,-1.8579743107963478,0.008954799842372982,mean reversion,3.2100000381469727,3.1700000762939453,1384.07,1377.43,412,0.0,1.323539137840271,1.327386736869812,14,96.0,-12.415360064776356,3.9662964988550824,0.0,-16.381656563631438,-0.016381656563631438,1322.5200157165527,-0.012461047158154548,-0.00479744521592107,-8.597607981088748,-3.8177520836876084,-4.779855897401147,1.75
2025-12-09 15:30:00+00:00,2025-12-09 17:30:00+00:00,Buy CYPH (cheap vs ZEC),1,-2.0063151843726135,0.7659786244649602,mean reversion,1.2161999940872192,1.624699950218201,434.07,447.33,1094,0.0,1.33159339427948,1.3317352533340454,2,2.0,335.5764224822215,4.66772397334808,0.0,330.90869850887344,0.33090869850887344,1330.5227935314178,0.3358822217702513,0.03054806828391743,183.04833935154053,152.52808313068098,30.520256220859515,2.0
2025-12-17 20:30:00+00:00,2026-01-08 15:30:00+00:00,Buy CYPH (cheap vs ZEC),1,-2.7444833344481845,0.045054052680210385,mean reversion,0.9943000078201294,1.034999966621399,387.0,430.29,1345,0.0,1.3377031087875366,1.3435803651809692,89,523.0,40.74296261417477,4.071634520802045,0.0,36.67132809337273,0.03667132809337273,1337.333510518074,0.040933278166716214,0.11186046511627912,76.04167133773318,-35.298708723558406,111.34038006129163,2.0
2026-01-14 16:30:00+00:00,2026-01-16 20:30:00+00:00,Buy ZEC (cheap vs CYPH),-1,2.228166659828877,-0.047980281125158675,mean reversion,1.2549999952316284,1.0399999618530271,429.31,413.51,0,3.1344284871009345,1.3456414937973022,1.338186502456665,18,52.0,-37.00827201984019,3.937125387711912,0.0,-40.9453974075521,-0.0409453974075521,1345.6414937973022,-0.17131476828326198,-0.036803242412242976,-104.63871451561411,67.63044249577392,-172.26915701138796,2.0
2026-01-23 15:30:00+00:00,2026-02-02 19:30:00+00:00,Buy CYPH (cheap vs ZEC),1,-2.5776082749758573,1.3239186903165634,mean reversion,0.8700000047683716,0.7947999835014343,362.88,294.7,1556,0.0,1.3537845611572266,1.3719868659973145,37,244.0,-85.28597174747547,3.802704360051788,0.0,-89.08867610752726,-0.08908867610752726,1353.7200074195862,-0.0864368055802005,-0.18788580246913578,-135.3351158846424,50.04914413716692,-185.3842600218093,2.0
2026-02-05 15:30:00+00:00,2026-02-11 18:30:00+00:00,Buy ZEC (cheap vs CYPH),-1,2.630091689858502,-0.14357110916282737,mean reversion,0.7031999826431274,0.5979999899864197,222.92,239.48,0,6.072550193852333,1.353692889213562,1.3658403158187866,31,147.0,73.62605280098985,4.129464628596745,0.0,69.4965881723931,0.0694965881723931,1353.692889213562,-0.1496018135001811,0.07428673963753818,-37.322620645201624,110.94867344619148,-148.27129409139314,2.0
2026-02-18 19:30:00+00:00,2026-02-23 16:30:00+00:00,Buy CYPH (cheap vs ZEC),1,-2.2799529198323856,0.0632806946309238,mean reversion,0.6100999712944031,0.6330999732017517,273.11,242.49,2214,0.0,1.351278305053711,1.3496551513671875,18,117.0,37.72964091700489,4.076333338369294,0.0,33.6533075786356,0.0336533075786356,1350.7613364458084,0.037698742811856256,-0.11211599721723853,-37.239123606284224,74.96876452328911,-112.20788812957328,2.0
2026-02-27 14:30:00+00:00,2026-03-05 18:30:00+00:00,Buy ZEC (cheap vs CYPH),-1,2.387841113708381,-0.06630901756293228,mean reversion,0.6600000262260437,0.6220999956130981,224.04,228.94,0,6.001652447033559,1.3446102142333984,1.3331555128097534,32,148.0,22.05901465199966,4.061302373236243,0.0,17.997712278763416,0.017997712278763414,1344.6102142333984,-0.05742428652565712,0.02187109444742008,-17.92933560925891,39.988350261258574,-57.91768587051743,2.0
2026-03-06 20:30:00+00:00,2026-03-11 14:30:00+00:00,Buy CYPH (cheap vs ZEC),1,-2.2014924074530016,0.03590567171413902,mean reversion,0.5200999975204468,0.5893999934196472,211.02,215.27,2574,0.0,1.3389211893081665,1.3418675661087036,16,114.0,132.932782600762,4.260925625197281,0.0,128.67185697556474,0.12867185697556474,1338.73739361763,0.13324359974925026,0.02014027106435412,76.51303624226414,56.419746358497875,20.093289883766214,2.0
2026-03-19 18:30:00+00:00,2026-03-27 15:30:00+00:00,Buy ZEC (cheap vs CYPH),-1,2.187749079338219,-0.2027094955698044,mean reversion,0.7174999713897705,0.6437000036239624,232.6,217.5,0,5.762559119115487,1.3403712511062622,1.3311538696289062,39,189.0,-65.3678321371679,3.883113045011129,0.0,-69.25094518217902,-0.06925094518217903,1340.3712511062622,-0.10285710203285492,-0.06491831470335341,-84.46857661101102,19.100744473843122,-103.56932108485411,2.0
2026-04-07 14:30:00+00:00,2026-04-10 16:30:00+00:00,Buy CYPH (cheap vs ZEC),1,-2.5741822810523995,0.3741175435427616,mean reversion,0.7321000099182129,1.1150000095367432,265.96,376.95,1808,0.0,1.32416832447052,1.345833420753479,23,74.0,514.3899598827919,4.994991480365198,0.0,509.39496840242674,0.5093949684024267,1323.636817932129,0.5230159738166187,0.41731839374342017,462.412795995419,51.97716388737291,410.4356321080459,2.0
2026-05-01 14:30:00+00:00,2026-05-14 16:30:00+00:00,Buy CYPH (cheap vs ZEC),1,-4.0328492095434845,0.27703854771763625,mean reversion,0.8598999977111816,1.1900999546051023,349.86,543.16,1585,0.0,1.363772749900818,1.3479995727539062,65,314.0,388.2545234103062,4.797459030070263,0.0,383.4570643802359,0.3834570643802359,1362.941496372223,0.38399809021144615,0.5525067169725031,473.44275512470597,-85.18823171439976,558.6309868391057,2.0
2026-06-05 14:30:00+00:00,2026-06-18 14:30:00+00:00,Buy CYPH (cheap vs ZEC),1,-2.113898330112784,0.10670051040052328,mean reversion,0.6172999739646912,0.7684999704360962,331.35,473.37,2170,0.0,1.340015530586243,1.3238370418548584,63,312.0,247.8431876201582,4.518702870389294,0.0,243.3244847497689,0.24332448474976892,1339.5409435033798,0.2449376362359177,0.4286102308736983,340.7688850202243,-92.92569740006607,433.6945824202904,2.0
2026-07-01 15:30:00+00:00,2026-07-02 14:30:00+00:00,Buy ZEC (cheap vs CYPH),-1,2.140429561403779,-1.4235773111245247,mean reversion,0.6869000196456909,0.6740999817848206,414.74,441.56,0,3.201291974682975,1.327703833580017,1.3373990058898926,6,23.0,64.19823133027367,4.113897913959407,0.0,60.084333416314266,0.060084333416314264,1327.703833580017,-0.0186344991917059,0.06466702030187577,22.84940936779692,41.34882196247675,-18.49941259467975,2.0
2026-07-07 14:30:00+00:00,2026-07-21 14:30:00+00:00,Buy CYPH (cheap vs ZEC),1,-3.862810773665741,0.002732564091310105,mean reversion,0.6488000154495239,0.7689999938011169,462.4,544.04,2060,0.0,1.337005615234375,1.3380612134933472,70,336.0,185.0527860065744,4.367099518001494,0.0,180.6856864885729,0.18068568648857292,1336.5280318260193,0.18526506703041923,0.17655709342560555,180.70378810353782,4.348997903036576,176.35479020050113,2.0
2026-07-24 19:30:00+00:00,2026-07-30 14:30:00+00:00,Buy CYPH (cheap vs ZEC),1,-2.19013411369497,0.7544601445636845,mean reversion,0.6198999881744385,0.6402000188827515,495.47,475.55,2149,0.0,1.3325693607330322,1.3426424264907837,23,139.0,32.49172313598424,4.048769607222827,0.0,28.44295352876141,0.02844295352876141,1332.1650745868683,0.032747267455344176,-0.04020425050961718,-3.699396127624453,36.19111926360869,-39.89051539123321,2.0
2026-08-04 17:30:00+00:00,2026-08-12 18:30:00+00:00,Buy ZEC (cheap vs CYPH),-1,2.0005733085030495,-0.030349033804253956,mean reversion,0.6945000290870667,0.6873000264167786,499.41,496.32,0,2.692542109815314,1.3446824550628662,1.3493638038635254,43,193.0,-6.165835407402767,3.980729727768356,0.0,-10.146565135171123,-0.010146565135171122,1344.6824550628662,-0.01036717403705889,-0.006187301015198043,-8.248521300115314,2.082685892712547,-10.331207192827815,2.0
2026-08-18 14:30:00+00:00,2026-09-01 19:30:00+00:00,Buy ZEC (cheap vs CYPH),-1,3.8023537515280372,-0.2795907305559944,mean reversion,0.7843999862670898,1.6950000524520874,509.65,832.61,0,2.656985952518972,1.354132890701294,1.3514426946640017,75,341.0,634.9512166617392,5.273883654351813,0.0,629.6773330073873,0.6296773330073874,1354.132890701294,1.1608874070976034,0.6336897871088003,899.0747492188375,-264.1235325570983,1163.1982817759358,2.0
2026-09-10 14:30:00+00:00,2026-09-14 17:30:00+00:00,Buy CYPH (cheap vs ZEC),1,-2.099074659077026,0.30342698821817976,mean reversion,2.279900074005127,2.470000028610229,1176.49,1146.26,592,0.0,1.3517532348632812,1.350603103637695,17,99.0,83.32512551104692,4.162277531003616,0.0,79.16284798004331,0.0791628479800433,1349.7008438110352,0.08338082741983999,-0.025695076031245545,28.823607437061455,54.501518073985466,-25.677910636923908,2.0
2026-09-18 15:30:00+00:00,2026-09-28 19:30:00+00:00,Buy ZEC (cheap vs CYPH),-1,2.0156869676482105,-0.39404455452204246,mean reversion,3.615000009536743,3.247400045394897,1490.06,1473.82,0,0.8966716896256715,1.336094617843628,1.326084017753601,46,244.0,-10.981165630959786,3.9931356564311753,0.0,-14.974301287390961,-0.01497430128739096,1336.094617843628,-0.10168740336710358,-0.010898889977584814,-56.718103290176515,45.73693765921673,-102.45504094939322,2.0
2025-12-17 20:30:00+00:00,2026-01-08 15:30:00+00:00,Buy CYPH (cheap vs ZEC),1,-2.7444833344481845,0.045054052680210385,mean reversion,0.9943000078201294,1.034999966621399,387.0,430.29,1345,0.0,1.3377031087875366,1.3435803651809692,89,523.0,40.74296261417477,4.071634520802045,0.0,36.67132809337273,0.03667132809337273,1337.333510518074,0.040933278166716214,0.11186046511627912,76.04167133773318,-35.298708723558406,111.34038006129163,2.25
2026-01-23 15:30:00+00:00,2026-02-02 19:30:00+00:00,Buy CYPH (cheap vs ZEC),1,-2.5776082749758573,1.3239186903165634,mean reversion,0.8700000047683716,0.7947999835014343,362.88,294.7,1556,0.0,1.3537845611572266,1.3719868659973145,37,244.0,-85.28597174747547,3.802704360051788,0.0,-89.08867610752726,-0.08908867610752726,1353.7200074195862,-0.0864368055802005,-0.18788580246913578,-135.3351158846424,50.04914413716692,-185.3842600218093,2.25
2026-02-05 15:30:00+00:00,2026-02-11 18:30:00+00:00,Buy ZEC (cheap vs CYPH),-1,2.630091689858502,-0.14357110916282737,mean reversion,0.7031999826431274,0.5979999899864197,222.92,239.48,0,6.072550193852333,1.353692889213562,1.3658403158187866,31,147.0,73.62605280098985,4.129464628596745,0.0,69.4965881723931,0.0694965881723931,1353.692889213562,-0.1496018135001811,0.07428673963753818,-37.322620645201624,110.94867344619148,-148.27129409139314,2.25
2026-02-18 19:30:00+00:00,2026-02-23 16:30:00+00:00,Buy CYPH (cheap vs ZEC),1,-2.2799529198323856,0.0632806946309238,mean reversion,0.6100999712944031,0.6330999732017517,273.11,242.49,2214,0.0,1.351278305053711,1.3496551513671875,18,117.0,37.72964091700489,4.076333338369294,0.0,33.6533075786356,0.0336533075786356,1350.7613364458084,0.037698742811856256,-0.11211599721723853,-37.239123606284224,74.96876452328911,-112.20788812957328,2.25
2026-02-27 14:30:00+00:00,2026-03-05 18:30:00+00:00,Buy ZEC (cheap vs CYPH),-1,2.387841113708381,-0.06630901756293228,mean reversion,0.6600000262260437,0.6220999956130981,224.04,228.94,0,6.001652447033559,1.3446102142333984,1.3331555128097534,32,148.0,22.05901465199966,4.061302373236243,0.0,17.997712278763416,0.017997712278763414,1344.6102142333984,-0.05742428652565712,0.02187109444742008,-17.92933560925891,39.988350261258574,-57.91768587051743,2.25
2026-03-09 13:30:00+00:00,2026-03-11 14:30:00+00:00,Buy CYPH (cheap vs ZEC),1,-2.4980934617709583,0.03590567171413902,mean reversion,0.5220999717712402,0.5893999934196472,212.0,215.27,2557,0.0,1.3352917432785034,1.3418675661087036,15,49.0,128.24376987813423,4.245843504167695,0.0,123.99792637396654,0.12399792637396653,1335.0096278190613,0.12890255753144286,0.015424528301886786,71.79473370137126,56.449036176762974,15.34569752460827,2.25
2026-03-20 14:30:00+00:00,2026-03-27 15:30:00+00:00,Buy ZEC (cheap vs CYPH),-1,2.5769688723443602,-0.2027094955698044,mean reversion,0.7595000267028809,0.6437000036239624,231.59,217.5,0,5.765010966832138,1.3351188898086548,1.3311538696289062,36,169.0,-61.021498998691676,3.8839142700092886,0.0,-64.90541326870097,-0.06490541326870097,1335.1188898086548,-0.15246875445367147,-0.060840278077637255,-106.97220103441255,45.95070203572087,-152.92290307013343,2.25
2026-04-07 14:30:00+00:00,2026-04-10 16:30:00+00:00,Buy CYPH (cheap vs ZEC),1,-2.5741822810523995,0.3741175435427616,mean reversion,0.7321000099182129,1.1150000095367432,265.96,376.95,1808,0.0,1.32416832447052,1.345833420753479,23,74.0,514.3899598827919,4.994991480365198,0.0,509.39496840242674,0.5093949684024267,1323.636817932129,0.5230159738166187,0.41731839374342017,462.412795995419,51.97716388737291,410.4356321080459,2.25
2026-05-01 14:30:00+00:00,2026-05-14 16:30:00+00:00,Buy CYPH (cheap vs ZEC),1,-4.0328492095434845,0.27703854771763625,mean reversion,0.8598999977111816,1.1900999546051023,349.86,543.16,1585,0.0,1.363772749900818,1.3479995727539062,65,314.0,388.2545234103062,4.797459030070263,0.0,383.4570643802359,0.3834570643802359,1362.941496372223,0.38399809021144615,0.5525067169725031,473.44275512470597,-85.18823171439976,558.6309868391057,2.25
2026-06-05 15:30:00+00:00,2026-06-18 14:30:00+00:00,Buy CYPH (cheap vs ZEC),1,-2.5238287533238575,0.10670051040052328,mean reversion,0.6086999773979187,0.7684999704360962,333.25,473.37,2199,0.0,1.3386342525482178,1.3238370418548584,62,311.0,265.44066496175196,4.552926860173015,0.0,260.887738101579,0.26088773810157895,1338.5312502980232,0.262526694548755,0.4204651162790698,345.28641123750566,-79.8457462757537,425.13215751325936,2.25
2026-07-07 14:30:00+00:00,2026-07-21 14:30:00+00:00,Buy CYPH (cheap vs ZEC),1,-3.862810773665741,0.002732564091310105,mean reversion,0.6488000154495239,0.7689999938011169,462.4,544.04,2060,0.0,1.337005615234375,1.3380612134933472,70,336.0,185.0527860065744,4.367099518001494,0.0,180.6856864885729,0.18068568648857292,1336.5280318260193,0.18526506703041923,0.17655709342560555,180.70378810353782,4.348997903036576,176.35479020050113,2.25
2026-08-05 19:30:00+00:00,2026-08-12 18:30:00+00:00,Buy ZEC (cheap vs CYPH),-1,2.6043671113521105,-0.030349033804253956,mean reversion,0.7307999730110168,0.6873000264167786,517.68,496.32,0,2.601749883002392,1.3468738794326782,1.3493638038635254,34,167.0,-41.18487345059366,3.913939736984896,0.0,-45.09881318757856,-0.04509881318757856,1346.8738794326782,-0.05952373864357341,-0.04126101066295773,-50.29938771792737,9.114514267333703,-59.41390198526107,2.25
2026-08-18 14:30:00+00:00,2026-09-01 19:30:00+00:00,Buy ZEC (cheap vs CYPH),-1,3.8023537515280372,-0.2795907305559944,mean reversion,0.7843999862670898,1.6950000524520874,509.65,832.61,0,2.656985952518972,1.354132890701294,1.3514426946640017,75,341.0,634.9512166617392,5.273883654351813,0.0,629.6773330073873,0.6296773330073874,1354.132890701294,1.1608874070976034,0.6336897871088003,899.0747492188375,-264.1235325570983,1163.1982817759358,2.25
2025-12-17 20:30:00+00:00,2026-01-08 15:30:00+00:00,Buy CYPH (cheap vs ZEC),1,-2.7444833344481845,0.045054052680210385,mean reversion,0.9943000078201294,1.034999966621399,387.0,430.29,1345,0.0,1.3377031087875366,1.3435803651809692,89,523.0,40.74296261417477,4.071634520802045,0.0,36.67132809337273,0.03667132809337273,1337.333510518074,0.040933278166716214,0.11186046511627912,76.04167133773318,-35.298708723558406,111.34038006129163,2.5
2026-01-23 15:30:00+00:00,2026-02-02 19:30:00+00:00,Buy CYPH (cheap vs ZEC),1,-2.5776082749758573,1.3239186903165634,mean reversion,0.8700000047683716,0.7947999835014343,362.88,294.7,1556,0.0,1.3537845611572266,1.3719868659973145,37,244.0,-85.28597174747547,3.802704360051788,0.0,-89.08867610752726,-0.08908867610752726,1353.7200074195862,-0.0864368055802005,-0.18788580246913578,-135.3351158846424,50.04914413716692,-185.3842600218093,2.5
2026-02-05 15:30:00+00:00,2026-02-11 18:30:00+00:00,Buy ZEC (cheap vs CYPH),-1,2.630091689858502,-0.14357110916282737,mean reversion,0.7031999826431274,0.5979999899864197,222.92,239.48,0,6.072550193852333,1.353692889213562,1.3658403158187866,31,147.0,73.62605280098985,4.129464628596745,0.0,69.4965881723931,0.0694965881723931,1353.692889213562,-0.1496018135001811,0.07428673963753818,-37.322620645201624,110.94867344619148,-148.27129409139314,2.5
2026-03-20 14:30:00+00:00,2026-03-27 15:30:00+00:00,Buy ZEC (cheap vs CYPH),-1,2.5769688723443602,-0.2027094955698044,mean reversion,0.7595000267028809,0.6437000036239624,231.59,217.5,0,5.765010966832138,1.3351188898086548,1.3311538696289062,36,169.0,-61.021498998691676,3.8839142700092886,0.0,-64.90541326870097,-0.06490541326870097,1335.1188898086548,-0.15246875445367147,-0.060840278077637255,-106.97220103441255,45.95070203572087,-152.92290307013343,2.5
2026-04-07 14:30:00+00:00,2026-04-10 16:30:00+00:00,Buy CYPH (cheap vs ZEC),1,-2.5741822810523995,0.3741175435427616,mean reversion,0.7321000099182129,1.1150000095367432,265.96,376.95,1808,0.0,1.32416832447052,1.345833420753479,23,74.0,514.3899598827919,4.994991480365198,0.0,509.39496840242674,0.5093949684024267,1323.636817932129,0.5230159738166187,0.41731839374342017,462.412795995419,51.97716388737291,410.4356321080459,2.5
2026-05-01 14:30:00+00:00,2026-05-14 16:30:00+00:00,Buy CYPH (cheap vs ZEC),1,-4.0328492095434845,0.27703854771763625,mean reversion,0.8598999977111816,1.1900999546051023,349.86,543.16,1585,0.0,1.363772749900818,1.3479995727539062,65,314.0,388.2545234103062,4.797459030070263,0.0,383.4570643802359,0.3834570643802359,1362.941496372223,0.38399809021144615,0.5525067169725031,473.44275512470597,-85.18823171439976,558.6309868391057,2.5
2026-06-05 15:30:00+00:00,2026-06-18 14:30:00+00:00,Buy CYPH (cheap vs ZEC),1,-2.5238287533238575,0.10670051040052328,mean reversion,0.6086999773979187,0.7684999704360962,333.25,473.37,2199,0.0,1.3386342525482178,1.3238370418548584,62,311.0,265.44066496175196,4.552926860173015,0.0,260.887738101579,0.26088773810157895,1338.5312502980232,0.262526694548755,0.4204651162790698,345.28641123750566,-79.8457462757537,425.13215751325936,2.5
2026-07-07 14:30:00+00:00,2026-07-21 14:30:00+00:00,Buy CYPH (cheap vs ZEC),1,-3.862810773665741,0.002732564091310105,mean reversion,0.6488000154495239,0.7689999938011169,462.4,544.04,2060,0.0,1.337005615234375,1.3380612134933472,70,336.0,185.0527860065744,4.367099518001494,0.0,180.6856864885729,0.18068568648857292,1336.5280318260193,0.18526506703041923,0.17655709342560555,180.70378810353782,4.348997903036576,176.35479020050113,2.5
2026-08-05 19:30:00+00:00,2026-08-12 18:30:00+00:00,Buy ZEC (cheap vs CYPH),-1,2.6043671113521105,-0.030349033804253956,mean reversion,0.7307999730110168,0.6873000264167786,517.68,496.32,0,2.601749883002392,1.3468738794326782,1.3493638038635254,34,167.0,-41.18487345059366,3.913939736984896,0.0,-45.09881318757856,-0.04509881318757856,1346.8738794326782,-0.05952373864357341,-0.04126101066295773,-50.29938771792737,9.114514267333703,-59.41390198526107,2.5
2026-08-18 14:30:00+00:00,2026-09-01 19:30:00+00:00,Buy ZEC (cheap vs CYPH),-1,3.8023537515280372,-0.2795907305559944,mean reversion,0.7843999862670898,1.6950000524520874,509.65,832.61,0,2.656985952518972,1.354132890701294,1.3514426946640017,75,341.0,634.9512166617392,5.273883654351813,0.0,629.6773330073873,0.6296773330073874,1354.132890701294,1.1608874070976034,0.6336897871088003,899.0747492188375,-264.1235325570983,1163.1982817759358,2.5
2026-01-23 17:30:00+00:00,2026-02-02 19:30:00+00:00,Buy CYPH (cheap vs ZEC),1,-3.5331090504792204,1.3239186903165634,mean reversion,0.8400999903678894,0.7947999835014343,371.3,294.7,1617,0.0,1.3588987588882446,1.3719868659973145,35,242.0,-53.38980490152975,3.872802325486329,0.0,-57.262607227016076,-0.05726260722701608,1358.4416844248772,-0.05392216091636626,-0.20630218152437385,-128.82761593223844,75.4378110307087,-204.26542696294715,2.75
2026-04-07 15:30:00+00:00,2026-04-10 16:30:00+00:00,Buy CYPH (cheap vs ZEC),1,-3.3919278727792164,0.3741175435427616,mean reversion,0.7020000219345093,1.1150000095367432,271.12,376.95,1886,0.0,1.3246208429336548,1.345833420753479,22,73.0,578.7625456512499,5.12405799119939,0.0,573.6384876600505,0.5736384876600504,1323.9720413684845,0.5883190522759889,0.39034375922100906,481.3828295420384,97.37971610921147,384.00311343282686,2.75
2026-05-01 14:30:00+00:00,2026-05-14 16:30:00+00:00,Buy CYPH (cheap vs ZEC),1,-4.0328492095434845,0.27703854771763625,mean reversion,0.8598999977111816,1.1900999546051023,349.86,543.16,1585,0.0,1.363772749900818,1.3479995727539062,65,314.0,388.2545234103062,4.797459030070263,0.0,383.4570643802359,0.3834570643802359,1362.941496372223,0.38399809021144615,0.5525067169725031,473.44275512470597,-85.18823171439976,558.6309868391057,2.75
2026-06-05 19:30:00+00:00,2026-06-18 14:30:00+00:00,Buy CYPH (cheap vs ZEC),1,-3.601603662268532,0.10670051040052328,mean reversion,0.5616000294685364,0.7684999704360962,322.37,473.37,2374,0.0,1.3337246179580688,1.3238370418548584,58,307.0,371.0278866111669,4.755530066331001,0.0,366.2723565448359,0.36627235654483586,1333.2384699583054,0.3684115564654744,0.46840586903247816,421.3801052288647,-50.352218617697815,471.7323238465626,2.75
2026-07-07 14:30:00+00:00,2026-07-21 14:30:00+00:00,Buy CYPH (cheap vs ZEC),1,-3.862810773665741,0.002732564091310105,mean reversion,0.6488000154495239,0.7689999938011169,462.4,544.04,2060,0.0,1.337005615234375,1.3380612134933472,70,336.0,185.0527860065744,4.367099518001494,0.0,180.6856864885729,0.18068568648857292,1336.5280318260193,0.18526506703041923,0.17655709342560555,180.70378810353782,4.348997903036576,176.35479020050113,2.75
2026-08-18 14:30:00+00:00,2026-09-01 19:30:00+00:00,Buy ZEC (cheap vs CYPH),-1,3.8023537515280372,-0.2795907305559944,mean reversion,0.7843999862670898,1.6950000524520874,509.65,832.61,0,2.656985952518972,1.354132890701294,1.3514426946640017,75,341.0,634.9512166617392,5.273883654351813,0.0,629.6773330073873,0.6296773330073874,1354.132890701294,1.1608874070976034,0.6336897871088003,899.0747492188375,-264.1235325570983,1163.1982817759358,2.75
2026-01-23 17:30:00+00:00,2026-02-02 19:30:00+00:00,Buy CYPH (cheap vs ZEC),1,-3.5331090504792204,1.3239186903165634,mean reversion,0.8400999903678894,0.7947999835014343,371.3,294.7,1617,0.0,1.3588987588882446,1.3719868659973145,35,242.0,-53.38980490152975,3.872802325486329,0.0,-57.262607227016076,-0.05726260722701608,1358.4416844248772,-0.05392216091636626,-0.20630218152437385,-128.82761593223844,75.4378110307087,-204.26542696294715,3.0
2026-04-07 15:30:00+00:00,2026-04-10 16:30:00+00:00,Buy CYPH (cheap vs ZEC),1,-3.3919278727792164,0.3741175435427616,mean reversion,0.7020000219345093,1.1150000095367432,271.12,376.95,1886,0.0,1.3246208429336548,1.345833420753479,22,73.0,578.7625456512499,5.12405799119939,0.0,573.6384876600505,0.5736384876600504,1323.9720413684845,0.5883190522759889,0.39034375922100906,481.3828295420384,97.37971610921147,384.00311343282686,3.0
2026-05-01 14:30:00+00:00,2026-05-14 16:30:00+00:00,Buy CYPH (cheap vs ZEC),1,-4.0328492095434845,0.27703854771763625,mean reversion,0.8598999977111816,1.1900999546051023,349.86,543.16,1585,0.0,1.363772749900818,1.3479995727539062,65,314.0,388.2545234103062,4.797459030070263,0.0,383.4570643802359,0.3834570643802359,1362.941496372223,0.38399809021144615,0.5525067169725031,473.44275512470597,-85.18823171439976,558.6309868391057,3.0
2026-06-05 19:30:00+00:00,2026-06-18 14:30:00+00:00,Buy CYPH (cheap vs ZEC),1,-3.601603662268532,0.10670051040052328,mean reversion,0.5616000294685364,0.7684999704360962,322.37,473.37,2374,0.0,1.3337246179580688,1.3238370418548584,58,307.0,371.0278866111669,4.755530066331001,0.0,366.2723565448359,0.36627235654483586,1333.2384699583054,0.3684115564654744,0.46840586903247816,421.3801052288647,-50.352218617697815,471.7323238465626,3.0
2026-07-07 14:30:00+00:00,2026-07-21 14:30:00+00:00,Buy CYPH (cheap vs ZEC),1,-3.862810773665741,0.002732564091310105,mean reversion,0.6488000154495239,0.7689999938011169,462.4,544.04,2060,0.0,1.337005615234375,1.3380612134933472,70,336.0,185.0527860065744,4.367099518001494,0.0,180.6856864885729,0.18068568648857292,1336.5280318260193,0.18526506703041923,0.17655709342560555,180.70378810353782,4.348997903036576,176.35479020050113,3.0
2026-08-18 14:30:00+00:00,2026-09-01 19:30:00+00:00,Buy ZEC (cheap vs CYPH),-1,3.8023537515280372,-0.2795907305559944,mean reversion,0.7843999862670898,1.6950000524520874,509.65,832.61,0,2.656985952518972,1.354132890701294,1.3514426946640017,75,341.0,634.9512166617392,5.273883654351813,0.0,629.6773330073873,0.6296773330073874,1354.132890701294,1.1608874070976034,0.6336897871088003,899.0747492188375,-264.1235325570983,1163.1982817759358,3.0
