entry_z,Headline,Zero costs,Double costs,Exit at \|z\| 0.5,Stop at entry+1.5,5-day time stop,Short-CYPH side only
1.0,700.9428439444291,1100.5699105821277,301.3157773067287,121.69907390882327,1122.2754138751734,185.4564648756259,484.4864826716057
1.25,476.70155517238527,815.8939939386128,137.50911640615777,97.29197403303078,1090.1309048838102,402.3140764845557,100.28655959750722
1.5,493.1312585278629,787.9287764666879,198.33374058903792,188.6512544709185,1053.1909018646056,232.19254889383046,11.85780267049995
1.75,650.1310366761845,916.8487342545159,383.41333909785317,376.4879238155045,1117.355824676466,-80.23132097134112,6.600363935387577
2.0,457.69784042549145,659.8855061446193,255.5101747063618,432.2744727084573,1041.4172009935737,-122.8653542348784,43.67936675070996
2.25,-187.7650880826659,-41.77295964202858,-333.7572165233032,58.53632417988592,51.46064801618377,-553.6990049484211,-169.9579362669665
2.5,-502.94158790493384,-384.61677235604293,-621.2664034538266,-313.71935924256104,-250.46676581921201,-867.4620415893296,-240.27508743072758
2.75,-521.1609985039049,-445.4680359362501,-596.8539610715616,-629.945247010628,-713.1188785846825,-814.3762715058965,-543.5200054378183
3.0,-521.1609985039049,-445.4680359362501,-596.8539610715616,-629.945247010628,-561.1610611167107,-814.3762715058965,-543.5200054378183
