entry_z,exit_z,lookback,trades,net_pnl_gbp,final_equity_gbp,portfolio_return_pct,sharpe,max_drawdown_gbp,max_drawdown_pct,time_in_market_pct,win_rate_pct,avg_trade_gbp,best_trade_gbp,worst_trade_gbp,profit_factor,avg_hold_hours,gross_pnl_gbp,costs_gbp,borrow_gbp,short_cyph_trades,short_cyph_pnl_gbp,long_cyph_trades,long_cyph_pnl_gbp
1.0,0.0,70,41,700.9428439444291,10700.94284394443,7.0094284394442985,0.8103521309953357,-1057.0530710910316,-9.699450818505321,69.96763754045307,80.48780487804879,17.09616692547387,175.65493550649805,-543.5200054378183,1.5014162067548613,135.65853658536585,1100.5699105821288,336.140885199135,63.48618143856516,20,475.26087646254183,21,225.68196748188686
1.25,0.0,70,34,476.70155517238527,10476.701555172385,4.767015551723852,0.5723137562448467,-1056.688971943584,-9.931066303073226,65.76051779935274,76.47058823529412,14.02063397565839,175.65493550649805,-543.5200054378183,1.3761549361960257,150.52941176470588,815.8939939386125,280.7749828814341,58.417455884793284,15,113.09656624220607,19,363.60498893017933
1.5,0.0,70,29,493.1312585278629,10493.131258527863,4.9313125852786355,0.5976192924628013,-1054.3913078545247,-9.882289687520016,61.165048543689316,72.41379310344827,17.004526156133192,201.92739993524165,-543.5200054378183,1.4189090615853757,163.79310344827587,787.9287764666869,240.57870761510762,54.218810323716696,12,11.857802670499169,17,481.27345585736344
1.75,0.0,70,26,650.1310366761845,10650.131036676185,6.501310366761848,0.8032940634385505,-1024.3530990832987,-9.236368666304372,56.50485436893204,73.07692307692307,25.005039872160943,274.7506391139444,-543.5200054378183,1.6229209687322683,167.46153846153845,916.8487342545163,217.01892018154606,49.698777396785644,10,6.600363935386952,16,643.5306727407977
2.0,0.0,70,19,457.69784042549145,10457.697840425491,4.5769784042549055,0.5805202738780892,-1300.9469531176292,-11.70588902884092,46.14886731391586,68.42105263157895,24.089360022394263,296.2801766303948,-543.5200054378183,1.4480502095072805,190.05263157894737,659.8855061446194,160.97231954900855,41.21534617011986,8,43.679366750710756,11,414.0184736747801
2.25,0.0,70,13,-187.7650880826659,9812.234911917334,-1.8776508808266534,-0.20338087518127532,-1397.3669916361087,-13.0046933633957,37.993527508090615,61.53846153846154,-14.443468314051236,212.4006545397898,-543.5200054378183,0.8101971187674032,226.15384615384616,-41.77295964202881,112.43249973520402,33.55962870543339,5,-169.9579362669669,8,-17.807151815699115
2.5,0.0,70,10,-502.94158790493384,9497.058412095066,-5.029415879049337,-0.6293977384997476,-1397.3669916361087,-13.397675602163893,33.78640776699029,50.0,-50.294158790493405,212.4006545397898,-543.5200054378183,0.4916000442317242,262.6,-384.61677235604225,88.3494227929539,29.975392755938024,4,-240.27508743072798,6,-262.6665004742061
2.75,0.0,70,6,-521.1609985039049,9478.839001496095,-5.211609985039045,-0.8370988866094642,-1347.2930704531718,-13.00271640140966,21.035598705501616,33.33333333333333,-86.86016641731754,183.8770040907866,-543.5200054378183,0.3838063815585312,268.8333333333333,-445.46803593624924,57.28046370381905,18.412498863837037,1,-543.5200054378183,5,22.359006933913037
3.0,0.0,70,6,-521.1609985039049,9478.839001496095,-5.211609985039045,-0.8370988866094642,-1347.2930704531718,-13.00271640140966,21.035598705501616,33.33333333333333,-86.86016641731754,183.8770040907866,-543.5200054378183,0.3838063815585312,268.8333333333333,-445.46803593624924,57.28046370381905,18.412498863837037,1,-543.5200054378183,5,22.359006933913037
