entry_time,exit_time,direction,side,entry_z,exit_z,exit_reason,cyph_entry,cyph_exit,zec_entry,zec_exit,cyph_shares,zec_units,bars_held,hours_held,gross_pnl_gbp,costs_gbp,borrow_gbp,net_pnl_gbp,return_on_leg,entry_threshold
2025-12-05 15:30:00+00:00,2025-12-09 17:30:00+00:00,Long CYPH / Short ZEC,1,-1.2903081390979283,0.7659786244649602,mean reversion,1.2050000429153442,1.624699950218201,384.73,447.33,1107,-3.469103111989118,16,98.0,185.80415435745516,9.030497389769902,1.1187214611872147,175.65493550649805,0.17565493550649805,1.0
2025-12-09 20:30:00+00:00,2025-12-11 15:30:00+00:00,Short CYPH / Long ZEC,-1,1.049919121441765,-0.6729835298952869,mean reversion,1.5950000286102295,1.4299999475479126,430.04,446.55,-834,3.0933513318468893,9,43.0,140.5939819337189,7.835862828877069,0.49085474502705356,132.2672643598148,0.13226726435981478,1.0
2025-12-15 14:30:00+00:00,2026-01-08 15:30:00+00:00,Long CYPH / Short ZEC,1,-1.0057886512871383,0.045054052680210385,mean reversion,1.409999966621399,1.034999966621399,408.33,430.29,949,-3.2790174351827357,109,577.0,-318.46418269068766,7.561095903214266,6.5867579908675795,-332.6120365847695,-0.3326120365847695,1.0
2026-01-08 17:30:00+00:00,2026-01-16 20:30:00+00:00,Short CYPH / Long ZEC,-1,1.3795648461679624,-0.047980281125158675,mean reversion,1.1050000190734863,1.0399999618530271,421.17,413.51,-1215,3.1890858271767484,45,195.0,40.76163672742646,7.858578289667753,2.225078987084134,30.677979450674574,0.030677979450674575,1.0
2026-01-21 16:30:00+00:00,2026-01-21 17:30:00+00:00,Short CYPH / Long ZEC,-1,1.0604119545158777,-0.19951533930681317,mean reversion,1.0099999904632568,0.9172000288963318,367.65,355.7,-1329,3.6523012373701307,1,1.0,59.34386899012486,7.749819833313767,0.011411456622005456,51.58263770018909,0.05158263770018909,1.0
2026-01-21 20:30:00+00:00,2026-02-02 19:30:00+00:00,Long CYPH / Short ZEC,1,-1.0083389791864734,1.3239186903165634,mean reversion,0.9101999998092652,0.7947999835014343,366.25,294.7,1475,-3.6658684141399918,46,287.0,67.11278603292847,7.283676268006231,3.276255707762557,56.55285405715968,0.05655285405715968,1.0
2026-02-02 20:30:00+00:00,2026-02-11 18:30:00+00:00,Short CYPH / Long ZEC,-1,1.2447462327278607,-0.14357110916282737,mean reversion,0.7850000262260437,0.5979999899864197,294.54,239.48,-1740,4.638401725558194,47,214.0,51.24293318707207,7.149752838290457,2.4423952386918204,41.65078511008979,0.041650785110089794,1.0
2026-02-17 15:30:00+00:00,2026-02-23 16:30:00+00:00,Long CYPH / Short ZEC,1,-1.7870767395267229,0.0632806946309238,mean reversion,0.659500002861023,0.6330999732017517,282.26,242.49,2050,-4.790007143163211,29,145.0,101.04694013425924,7.644384947240692,1.6552511415525115,91.74730404546604,0.09174730404546604,1.0
2026-02-23 20:30:00+00:00,2026-02-24 17:30:00+00:00,Short CYPH / Long ZEC,-1,1.0336790000119516,-0.31416773639548307,mean reversion,0.6549999713897705,0.6180999875068665,236.63,244.65,-2059,5.700497747560791,4,21.0,89.94481411490051,7.942403590459858,0.23967913798934234,81.7627313864513,0.0817627313864513,1.0
2026-02-25 17:30:00+00:00,2026-03-05 18:30:00+00:00,Short CYPH / Long ZEC,-1,1.6636009959958993,-0.06630901756293228,mean reversion,0.6970000267028809,0.6220999956130981,253.9,228.94,-1944,5.336728045300923,43,193.0,9.301936877334272,7.6471756316505415,2.2031521223174826,-0.5483908766337517,-0.0005483908766337518,1.0
2026-03-06 16:30:00+00:00,2026-03-11 14:30:00+00:00,Long CYPH / Short ZEC,1,-1.7452253621596105,0.03590567171413902,mean reversion,0.5318999886512756,0.5893999934196472,211.36,215.27,2511,-6.320656338575481,20,118.0,89.18074235640081,8.233348526674947,1.3470319634703196,79.60036186625555,0.07960036186625555,1.0
2026-03-12 18:30:00+00:00,2026-03-16 15:30:00+00:00,Short CYPH / Long ZEC,-1,1.2862029870873313,-0.008908121472933975,mean reversion,0.617900013923645,0.6328999996185303,211.01,233.84,-2161,6.329618377779554,11,93.0,84.29162387501425,8.282606931439298,1.0613808564848068,74.94763608709015,0.07494763608709015,1.0
2026-03-17 16:30:00+00:00,2026-03-27 15:30:00+00:00,Short CYPH / Long ZEC,-1,1.7722322582806667,-0.2027094955698044,mean reversion,0.8141000270843506,0.6437000036239624,270.31,217.5,-1639,4.936379459526884,55,239.0,13.969413768181038,7.198193991264643,2.728223016362848,4.042996760553548,0.004042996760553547,1.0
2026-03-30 16:30:00+00:00,2026-03-31 17:30:00+00:00,Long CYPH / Short ZEC,1,-1.1736057949836447,0.36455451346914053,mean reversion,0.6341000199317932,0.7799999713897705,224.86,253.94,2080,-5.866863502150253,8,25.0,100.53316202767488,8.709385657333932,0.2853881278538813,91.53838824248706,0.09153838824248706,1.0
2026-04-02 14:30:00+00:00,2026-04-06 14:30:00+00:00,Short CYPH / Long ZEC,-1,1.2311314217568623,-0.8032345694708921,mean reversion,0.7605000138282776,0.7601000070571899,235.16,254.72,-1738,5.6211742379061524,7,96.0,83.45782119021106,8.1527036609647,1.0957856948461224,74.20933183440023,0.07420933183440023,1.0
2026-04-06 15:30:00+00:00,2026-04-10 16:30:00+00:00,Long CYPH / Short ZEC,1,-1.567132940565114,0.3741175435427616,mean reversion,0.7336000204086304,1.1150000095367432,253.21,376.95,1804,-5.228286585881809,29,97.0,30.536764518072207,9.917248404748314,1.1073059360730593,19.512210177250836,0.019512210177250834,1.0
2026-04-15 14:30:00+00:00,2026-04-20 14:30:00+00:00,Long CYPH / Short ZEC,1,-1.0759254699275091,0.027695895300698523,mean reversion,0.9236000180244446,0.829800009727478,358.46,310.16,1467,-3.7820957896632685,21,120.0,33.3038932410953,7.531426724070266,1.36986301369863,24.402603503326407,0.024402603503326407,1.0
2026-04-24 19:30:00+00:00,2026-04-27 15:30:00+00:00,Short CYPH / Long ZEC,-1,1.513270541397226,-0.09896037826117399,mean reversion,1.000100016593933,0.9408000111579896,360.95,356.3,-1352,3.7479156238383116,3,68.0,46.29134195817054,7.846190404649736,0.7758684309160925,37.66928312260471,0.03766928312260471,1.0
2026-04-30 18:30:00+00:00,2026-04-30 19:30:00+00:00,Long CYPH / Short ZEC,1,-1.1511163444273866,0.14315743839477024,mean reversion,0.9034000039100648,0.9424999952316284,347.34,354.08,1503,-3.91017589611924,1,1.0,23.82884561907347,8.118042611523443,0.01141552511415525,15.69938748243587,0.01569938748243587,1.0
2026-05-01 13:30:00+00:00,2026-05-14 16:30:00+00:00,Long CYPH / Short ZEC,1,-1.371975101625464,0.27703854771763625,mean reversion,0.8991000056266785,1.1900999546051023,350.47,543.16,1516,-3.8894643850781234,66,315.0,-228.71295803125426,9.811113411659507,3.595890410958904,-242.11996185387267,-0.24211996185387266,1.0
2026-05-18 15:30:00+00:00,2026-05-21 18:30:00+00:00,Long CYPH / Short ZEC,1,-1.0427152097981796,0.5241393091568693,mean reversion,1.0,1.3650000095367432,525.83,671.42,1339,-2.5475281129092746,24,75.0,87.65204431816605,9.26271640599513,0.8561643835616438,77.53316352860926,0.07753316352860927,1.0
2026-05-26 14:30:00+00:00,2026-05-27 14:30:00+00:00,Short CYPH / Long ZEC,-1,1.8605899671238308,-0.5368931368831484,mean reversion,1.3640999794006348,1.100000023841858,623.11,570.57,-987,2.1607489638755486,7,24.0,109.42280261030061,7.448412260659053,0.27396901988915073,101.7004213297524,0.1017004213297524,1.0
2026-05-28 15:30:00+00:00,2026-05-29 14:30:00+00:00,Short CYPH / Long ZEC,-1,1.4441340900213637,-0.05323542780749487,mean reversion,1.149999976158142,1.0549999475479126,534.19,532.48,-1167,2.5143624512477416,6,23.0,79.28684133863361,7.822677350450032,0.2623425774207759,71.20182141076279,0.07120182141076278,1.0
2026-05-29 16:30:00+00:00,2026-06-01 15:30:00+00:00,Short CYPH / Long ZEC,-1,1.1535114441912593,-0.1019913257980045,mean reversion,1.1349999904632568,1.0499999523162842,535.15,529.19,-1187,2.518002701554133,6,71.0,63.91938483213999,7.838074344136572,0.8103433974319133,55.2709670905715,0.055270967090571506,1.0
2026-06-01 19:30:00+00:00,2026-06-02 16:30:00+00:00,Long CYPH / Short ZEC,1,-1.1094760062482785,0.33877994000882466,mean reversion,1.0499999523162842,1.1894999742507937,558.4,597.1,1281,-2.4102056094773516,4,21.0,63.372221019403575,8.394828048786716,0.23972602739726026,54.7376669432196,0.054737666943219604,1.0
2026-06-04 19:30:00+00:00,2026-06-18 14:30:00+00:00,Long CYPH / Short ZEC,1,-1.6310035855340999,0.10670051040052328,mean reversion,1.0149999856948853,0.7684999704360962,540.16,473.37,1322,-2.4854046650124952,65,331.0,-120.7647448600873,7.3112781145059635,3.778538812785388,-131.85456178737866,-0.13185456178737864,1.0
2026-06-24 18:30:00+00:00,2026-06-29 16:30:00+00:00,Long CYPH / Short ZEC,1,-1.2526235734904478,0.7044078361119428,mean reversion,0.6158999800682068,0.6194000244140625,403.83,386.03,2136,-3.2580613505476324,19,118.0,49.40073130459126,7.894444565176306,1.3470319634703196,40.15925477594463,0.04015925477594463,1.0
2026-07-01 15:30:00+00:00,2026-07-02 14:30:00+00:00,Short CYPH / Long ZEC,-1,2.140429561403779,-1.4235773111245247,mean reversion,0.6869000196456909,0.6740999817848206,414.74,441.56,-1932,3.201291974682975,6,23.0,82.68910281910557,8.060577531976229,0.26243585605815006,74.3660894310712,0.0743660894310712,1.0
2026-07-02 16:30:00+00:00,2026-07-21 14:30:00+00:00,Long CYPH / Short ZEC,1,-1.1894829358384331,0.002732564091310105,mean reversion,0.6636999845504761,0.7689999938011169,435.75,544.04,2013,-3.066482040571606,82,454.0,-89.75704574711234,8.807095669843546,5.1826484018264845,-103.74678981878237,-0.10374678981878238,1.0
2026-07-23 15:30:00+00:00,2026-07-30 14:30:00+00:00,Long CYPH / Short ZEC,1,-1.6650530885275585,0.7544601445636845,mean reversion,0.6581000089645386,0.6402000188827515,514.77,475.55,2023,-2.5875314534339213,34,167.0,48.61406311941167,7.76119917481215,1.9063926940639269,38.946471250535595,0.038946471250535596,1.0
2026-07-30 17:30:00+00:00,2026-07-31 14:30:00+00:00,Short CYPH / Long ZEC,-1,1.142506198336557,-0.6403283869618908,mean reversion,0.6373999714851379,0.5902000069618225,473.34,455.46,-2112,2.844318940813069,4,21.0,36.4163645423108,7.7912998572321825,0.2397008876762748,28.385363797402345,0.028385363797402346,1.0
2026-08-04 14:30:00+00:00,2026-08-12 18:30:00+00:00,Short CYPH / Long ZEC,-1,1.213372194321501,-0.030349033804253956,mean reversion,0.6651999950408936,0.6873000264167786,488.2,496.32,-2021,2.7545162128259393,46,196.0,-16.524447816574256,8.084543968704413,2.2368013078625166,-26.845793093141186,-0.026845793093141185,1.0
2026-08-13 15:30:00+00:00,2026-08-17 15:30:00+00:00,Long CYPH / Short ZEC,1,-1.8809187188129457,0.9334495115075868,mean reversion,0.6381000280380249,0.7120000123977661,491.6,513.81,2116,-2.7476955565909624,14,96.0,70.35203662911908,8.30590927975343,1.095890410958904,60.95023693840675,0.06095023693840675,1.0
2026-08-18 14:30:00+00:00,2026-09-01 19:30:00+00:00,Short CYPH / Long ZEC,-1,3.8023537515280372,-0.2795907305559944,mean reversion,0.7843999862670898,1.6950000524520874,509.65,832.61,-1726,2.656985952518972,75,341.0,-528.0250015981582,11.603052921028649,3.8919509186315597,-543.5200054378183,-0.5435200054378183,1.0
2026-09-03 15:30:00+00:00,2026-09-08 14:30:00+00:00,Short CYPH / Long ZEC,-1,1.116934282082548,-0.12393383276080053,mean reversion,2.055000066757202,2.494999885559082,915.11,1163.56,-657,1.47720815194587,13,119.0,57.510280195888576,8.953649433491314,1.3567663638655647,47.199864398531695,0.047199864398531695,1.0
2026-09-08 18:30:00+00:00,2026-09-09 15:30:00+00:00,Short CYPH / Long ZEC,-1,1.363532863718007,-0.2810316953372536,mean reversion,2.734999895095825,2.734999895095825,1169.95,1265.43,-495,1.1574906657672273,4,21.0,81.48433905680974,8.155668396323456,0.23965853614816252,73.08901212433814,0.07308901212433815,1.0
2026-09-09 16:30:00+00:00,2026-09-14 17:30:00+00:00,Long CYPH / Short ZEC,1,-1.0940018675480647,0.30342698821817976,mean reversion,2.630000114440918,2.470000028610229,1277.31,1146.26,515,-1.060589363430304,22,121.0,41.89994212386844,7.683555281726047,1.3812785388127853,32.83510830332961,0.03283510830332961,1.0
2026-09-15 14:30:00+00:00,2026-09-17 16:30:00+00:00,Long CYPH / Short ZEC,1,-1.4135623247558242,0.27880557312667825,mean reversion,2.1777000427246094,3.135699987411499,1125.67,1469.39,619,-1.1987367904313224,16,50.0,135.60243146579788,9.546377779128688,0.5707762557077626,125.48527743096143,0.12548527743096144,1.0
2026-09-18 14:30:00+00:00,2026-09-28 19:30:00+00:00,Short CYPH / Long ZEC,-1,1.8382225442292337,-0.39404455452204246,mean reversion,3.509999990463257,3.247400045394897,1471.52,1473.82,-380,0.9066970974151837,47,245.0,76.82272094841026,7.875923338758852,2.795917133814728,66.15088047583669,0.06615088047583668,1.0
2026-10-01 14:30:00+00:00,2026-10-01 17:30:00+00:00,Long CYPH / Short ZEC,1,-1.293466892889027,0.04837835944883561,mean reversion,3.06879997253418,3.240000009536743,1387.2,1360.25,431,-0.9541083750290303,3,3.0,75.45814494600181,8.085161465387195,0.03424657534246575,67.33873690527214,0.06733873690527215,1.0
2026-10-02 13:30:00+00:00,2026-10-06 13:30:00+00:00,Long CYPH / Short ZEC,1,-1.8579743107963478,0.008954799842372982,mean reversion,3.2100000381469727,3.1700000762939453,1384.07,1377.43,412,-0.9562660398970219,14,96.0,-7.631820853069692,7.950932166439793,1.095890410958904,-16.67864343046839,-0.01667864343046839,1.0
2025-12-05 15:30:00+00:00,2025-12-09 17:30:00+00:00,Long CYPH / Short ZEC,1,-1.2903081390979283,0.7659786244649602,mean reversion,1.2050000429153442,1.624699950218201,384.73,447.33,1107,-3.469103111989118,16,98.0,185.80415435745516,9.030497389769902,1.1187214611872147,175.65493550649805,0.17565493550649805,1.25
2025-12-15 18:30:00+00:00,2026-01-08 15:30:00+00:00,Long CYPH / Short ZEC,1,-1.4391581359445922,0.045054052680210385,mean reversion,1.2100000381469729,1.034999966621399,401.04,430.29,1104,-3.333266697409336,105,573.0,-216.36080535033875,7.834490843606277,6.541095890410959,-230.736392084356,-0.230736392084356,1.25
2026-01-08 17:30:00+00:00,2026-01-16 20:30:00+00:00,Short CYPH / Long ZEC,-1,1.3795648461679624,-0.047980281125158675,mean reversion,1.1050000190734863,1.0399999618530271,421.17,413.51,-1215,3.1890858271767484,45,195.0,40.76163672742646,7.858578289667753,2.225078987084134,30.677979450674574,0.030677979450674575,1.25
2026-01-22 15:30:00+00:00,2026-02-02 19:30:00+00:00,Long CYPH / Short ZEC,1,-1.2561962785153455,1.3239186903165634,mean reversion,0.8788999915122986,0.7947999835014343,357.0,294.7,1530,-3.76676945459275,44,268.0,77.25782760132745,7.390835412530381,3.0593607305936072,66.80763145820346,0.06680763145820345,1.25
2026-02-04 16:30:00+00:00,2026-02-11 18:30:00+00:00,Short CYPH / Long ZEC,-1,1.4409942028038831,-0.14357110916282737,mean reversion,0.7250000238418579,0.5979999899864197,266.7,239.48,-1884,5.123570566996234,37,170.0,73.07184580371528,7.445598520844147,1.939849319019378,63.68639796385175,0.06368639796385175,1.25
2026-02-17 15:30:00+00:00,2026-02-23 16:30:00+00:00,Long CYPH / Short ZEC,1,-1.7870767395267229,0.0632806946309238,mean reversion,0.659500002861023,0.6330999732017517,282.26,242.49,2050,-4.790007143163211,29,145.0,101.04694013425924,7.644384947240692,1.6552511415525115,91.74730404546604,0.09174730404546604,1.25
2026-02-25 17:30:00+00:00,2026-03-05 18:30:00+00:00,Short CYPH / Long ZEC,-1,1.6636009959958993,-0.06630901756293228,mean reversion,0.6970000267028809,0.6220999956130981,253.9,228.94,-1944,5.336728045300923,43,193.0,9.301936877334272,7.6471756316505415,2.2031521223174826,-0.5483908766337517,-0.0005483908766337518,1.25
2026-03-06 16:30:00+00:00,2026-03-11 14:30:00+00:00,Long CYPH / Short ZEC,1,-1.7452253621596105,0.03590567171413902,mean reversion,0.5318999886512756,0.5893999934196472,211.36,215.27,2511,-6.320656338575481,20,118.0,89.18074235640081,8.233348526674947,1.3470319634703196,79.60036186625555,0.07960036186625555,1.25
2026-03-12 18:30:00+00:00,2026-03-16 15:30:00+00:00,Short CYPH / Long ZEC,-1,1.2862029870873313,-0.008908121472933975,mean reversion,0.617900013923645,0.6328999996185303,211.01,233.84,-2161,6.329618377779554,11,93.0,84.29162387501425,8.282606931439298,1.0613808564848068,74.94763608709015,0.07494763608709015,1.25
2026-03-17 16:30:00+00:00,2026-03-27 15:30:00+00:00,Short CYPH / Long ZEC,-1,1.7722322582806667,-0.2027094955698044,mean reversion,0.8141000270843506,0.6437000036239624,270.31,217.5,-1639,4.936379459526884,55,239.0,13.969413768181038,7.198193991264643,2.728223016362848,4.042996760553548,0.004042996760553547,1.25
2026-03-30 19:30:00+00:00,2026-03-31 17:30:00+00:00,Long CYPH / Short ZEC,1,-1.6809183962331788,0.36455451346914053,mean reversion,0.6200000047683716,0.7799999713897705,223.21,253.94,2126,-5.9068344500398,5,22.0,120.03952933080616,8.77896903952269,0.2511415525114155,111.00941873877206,0.11100941873877206,1.25
2026-04-06 15:30:00+00:00,2026-04-10 16:30:00+00:00,Long CYPH / Short ZEC,1,-1.567132940565114,0.3741175435427616,mean reversion,0.7336000204086304,1.1150000095367432,253.21,376.95,1804,-5.228286585881809,29,97.0,30.536764518072207,9.917248404748314,1.1073059360730593,19.512210177250836,0.019512210177250834,1.25
2026-04-15 17:30:00+00:00,2026-04-20 14:30:00+00:00,Long CYPH / Short ZEC,1,-1.3722116449124953,0.027695895300698523,mean reversion,0.8989999890327454,0.829800009727478,356.69,310.16,1509,-3.805258846980789,18,117.0,53.672645309252836,7.593701307478766,1.3356164383561644,44.74332756341791,0.04474332756341791,1.25
2026-04-24 19:30:00+00:00,2026-04-27 15:30:00+00:00,Short CYPH / Long ZEC,-1,1.513270541397226,-0.09896037826117399,mean reversion,1.000100016593933,0.9408000111579896,360.95,356.3,-1352,3.7479156238383116,3,68.0,46.29134195817054,7.846190404649736,0.7758684309160925,37.66928312260471,0.03766928312260471,1.25
2026-05-01 13:30:00+00:00,2026-05-14 16:30:00+00:00,Long CYPH / Short ZEC,1,-1.371975101625464,0.27703854771763625,mean reversion,0.8991000056266785,1.1900999546051023,350.47,543.16,1516,-3.8894643850781234,66,315.0,-228.71295803125426,9.811113411659507,3.595890410958904,-242.11996185387267,-0.24211996185387266,1.25
2026-05-18 16:30:00+00:00,2026-05-21 18:30:00+00:00,Long CYPH / Short ZEC,1,-1.2630421682774216,0.5241393091568693,mean reversion,0.9915000200271606,1.3650000095367432,529.48,671.42,1353,-2.5349924767351477,23,74.0,108.2471254486754,9.27838513260032,0.8447488584474886,98.1239914576276,0.0981239914576276,1.25
2026-05-26 14:30:00+00:00,2026-05-27 14:30:00+00:00,Short CYPH / Long ZEC,-1,1.8605899671238308,-0.5368931368831484,mean reversion,1.3640999794006348,1.100000023841858,623.11,570.57,-987,2.1607489638755486,7,24.0,109.42280261030061,7.448412260659053,0.27396901988915073,101.7004213297524,0.1017004213297524,1.25
2026-05-28 15:30:00+00:00,2026-05-29 14:30:00+00:00,Short CYPH / Long ZEC,-1,1.4441340900213637,-0.05323542780749487,mean reversion,1.149999976158142,1.0549999475479126,534.19,532.48,-1167,2.5143624512477416,6,23.0,79.28684133863361,7.822677350450032,0.2623425774207759,71.20182141076279,0.07120182141076278,1.25
2026-06-01 13:30:00+00:00,2026-06-01 15:30:00+00:00,Short CYPH / Long ZEC,-1,1.4867150672491982,-0.1019913257980045,mean reversion,1.090000033378601,1.0499999523162842,537.62,529.19,-1235,2.5044767049747776,2,2.0,21.052021530223023,7.902374196255794,0.02282584928022915,13.126821484687,0.013126821484687,1.25
2026-06-04 19:30:00+00:00,2026-06-18 14:30:00+00:00,Long CYPH / Short ZEC,1,-1.6310035855340999,0.10670051040052328,mean reversion,1.0149999856948853,0.7684999704360962,540.16,473.37,1322,-2.4854046650124952,65,331.0,-120.7647448600873,7.3112781145059635,3.778538812785388,-131.85456178737866,-0.13185456178737864,1.25
2026-06-24 18:30:00+00:00,2026-06-29 16:30:00+00:00,Long CYPH / Short ZEC,1,-1.2526235734904478,0.7044078361119428,mean reversion,0.6158999800682068,0.6194000244140625,403.83,386.03,2136,-3.2580613505476324,19,118.0,49.40073130459126,7.894444565176306,1.3470319634703196,40.15925477594463,0.04015925477594463,1.25
2026-07-01 15:30:00+00:00,2026-07-02 14:30:00+00:00,Short CYPH / Long ZEC,-1,2.140429561403779,-1.4235773111245247,mean reversion,0.6869000196456909,0.6740999817848206,414.74,441.56,-1932,3.201291974682975,6,23.0,82.68910281910557,8.060577531976229,0.26243585605815006,74.3660894310712,0.0743660894310712,1.25
2026-07-06 14:30:00+00:00,2026-07-21 14:30:00+00:00,Long CYPH / Short ZEC,1,-1.5445785975064228,0.002732564091310105,mean reversion,0.6736999750137329,0.7689999938011169,447.62,544.04,1981,-2.9816589046113693,77,360.0,-73.76509637188664,8.70154882152982,4.109589041095891,-86.57623423451236,-0.08657623423451236,1.25
2026-07-23 15:30:00+00:00,2026-07-30 14:30:00+00:00,Long CYPH / Short ZEC,1,-1.6650530885275585,0.7544601445636845,mean reversion,0.6581000089645386,0.6402000188827515,514.77,475.55,2023,-2.5875314534339213,34,167.0,48.61406311941167,7.76119917481215,1.9063926940639269,38.946471250535595,0.038946471250535596,1.25
2026-08-04 15:30:00+00:00,2026-08-12 18:30:00+00:00,Short CYPH / Long ZEC,-1,1.661459093940232,-0.030349033804253956,mean reversion,0.6761999726295471,0.6873000264167786,490.73,496.32,-1988,2.740315071631291,45,195.0,-5.001279609898157,8.040355526335464,2.2252505963272573,-15.266885732560878,-0.015266885732560877,1.25
2026-08-13 15:30:00+00:00,2026-08-17 15:30:00+00:00,Long CYPH / Short ZEC,1,-1.8809187188129457,0.9334495115075868,mean reversion,0.6381000280380249,0.7120000123977661,491.6,513.81,2116,-2.7476955565909624,14,96.0,70.35203662911908,8.30590927975343,1.095890410958904,60.95023693840675,0.06095023693840675,1.25
2026-08-18 14:30:00+00:00,2026-09-01 19:30:00+00:00,Short CYPH / Long ZEC,-1,3.8023537515280372,-0.2795907305559944,mean reversion,0.7843999862670898,1.6950000524520874,509.65,832.61,-1726,2.656985952518972,75,341.0,-528.0250015981582,11.603052921028649,3.8919509186315597,-543.5200054378183,-0.5435200054378183,1.25
2026-09-03 16:30:00+00:00,2026-09-08 14:30:00+00:00,Short CYPH / Long ZEC,-1,1.2777902822811256,-0.12393383276080053,mean reversion,2.134999990463257,2.494999885559082,938.05,1163.56,-633,1.4427019445304328,12,118.0,71.92340203440442,8.805724283013726,1.3451691033946922,61.772508647996005,0.06177250864799601,1.25
2026-09-08 18:30:00+00:00,2026-09-09 15:30:00+00:00,Short CYPH / Long ZEC,-1,1.363532863718007,-0.2810316953372536,mean reversion,2.734999895095825,2.734999895095825,1169.95,1265.43,-495,1.1574906657672273,4,21.0,81.48433905680974,8.155668396323456,0.23965853614816252,73.08901212433814,0.07308901212433815,1.25
2026-09-09 17:30:00+00:00,2026-09-14 17:30:00+00:00,Long CYPH / Short ZEC,1,-1.4700016608261517,0.30342698821817976,mean reversion,2.5850000381469727,2.470000028610229,1280.5,1146.26,524,-1.0583343937824312,21,120.0,60.57353474440557,7.712047524551563,1.36986301369863,51.49162420615538,0.05149162420615538,1.25
2026-09-15 14:30:00+00:00,2026-09-17 16:30:00+00:00,Long CYPH / Short ZEC,1,-1.4135623247558242,0.27880557312667825,mean reversion,2.1777000427246094,3.135699987411499,1125.67,1469.39,619,-1.1987367904313224,16,50.0,135.60243146579788,9.546377779128688,0.5707762557077626,125.48527743096143,0.12548527743096144,1.25
2026-09-18 14:30:00+00:00,2026-09-28 19:30:00+00:00,Short CYPH / Long ZEC,-1,1.8382225442292337,-0.39404455452204246,mean reversion,3.509999990463257,3.247400045394897,1471.52,1473.82,-380,0.9066970974151837,47,245.0,76.82272094841026,7.875923338758852,2.795917133814728,66.15088047583669,0.06615088047583668,1.25
2026-10-01 14:30:00+00:00,2026-10-01 17:30:00+00:00,Long CYPH / Short ZEC,1,-1.293466892889027,0.04837835944883561,mean reversion,3.06879997253418,3.240000009536743,1387.2,1360.25,431,-0.9541083750290303,3,3.0,75.45814494600181,8.085161465387195,0.03424657534246575,67.33873690527214,0.06733873690527215,1.25
2026-10-02 13:30:00+00:00,2026-10-06 13:30:00+00:00,Long CYPH / Short ZEC,1,-1.8579743107963478,0.008954799842372982,mean reversion,3.2100000381469727,3.1700000762939453,1384.07,1377.43,412,-0.9562660398970219,14,96.0,-7.631820853069692,7.950932166439793,1.095890410958904,-16.67864343046839,-0.01667864343046839,1.25
2025-12-08 16:30:00+00:00,2025-12-09 17:30:00+00:00,Long CYPH / Short ZEC,1,-1.5369863606430372,0.7659786244649602,mean reversion,1.2799999713897705,1.624699950218201,422.67,447.33,1040,-3.1496359524842052,8,25.0,210.86620234034484,8.653414277249308,0.2853881278538813,201.92739993524165,0.20192739993524164,1.5
2025-12-15 19:30:00+00:00,2026-01-08 15:30:00+00:00,Long CYPH / Short ZEC,1,-1.7871609844249157,0.045054052680210385,mean reversion,1.2000999450683594,1.034999966621399,410.72,430.29,1113,-3.254315502038947,104,572.0,-184.16704858070815,7.797835282544018,6.529680365296803,-198.49456422854897,-0.19849456422854897,1.5
2026-01-08 19:30:00+00:00,2026-01-16 20:30:00+00:00,Short CYPH / Long ZEC,-1,1.691404434787548,-0.047980281125158675,mean reversion,1.1699999570846558,1.0399999618530271,435.69,413.51,-1147,3.0809840483143307,43,193.0,60.36062102762235,7.686384231694804,2.2025989339900374,50.47163786193751,0.05047163786193751,1.5
2026-01-23 15:30:00+00:00,2026-02-02 19:30:00+00:00,Long CYPH / Short ZEC,1,-2.5776082749758573,1.3239186903165634,mean reversion,0.8700000047683716,0.7947999835014343,362.88,294.7,1556,-3.7306673312313343,37,244.0,100.10712854175884,7.40538393339404,2.7853881278538815,89.91635648051093,0.08991635648051093,1.5
2026-02-04 17:30:00+00:00,2026-02-11 18:30:00+00:00,Short CYPH / Long ZEC,-1,1.6556518554311264,-0.14357110916282737,mean reversion,0.7174999713897705,0.5979999899864197,258.1,239.48,-1903,5.291614454876124,36,169.0,94.35847072907903,7.52144612755823,1.9287106391793365,84.90831396234145,0.08490831396234146,1.5
2026-02-17 15:30:00+00:00,2026-02-23 16:30:00+00:00,Long CYPH / Short ZEC,1,-1.7870767395267229,0.0632806946309238,mean reversion,0.659500002861023,0.6330999732017517,282.26,242.49,2050,-4.790007143163211,29,145.0,101.04694013425924,7.644384947240692,1.6552511415525115,91.74730404546604,0.09174730404546604,1.5
2026-02-25 17:30:00+00:00,2026-03-05 18:30:00+00:00,Short CYPH / Long ZEC,-1,1.6636009959958993,-0.06630901756293228,mean reversion,0.6970000267028809,0.6220999956130981,253.9,228.94,-1944,5.336728045300923,43,193.0,9.301936877334272,7.6471756316505415,2.2031521223174826,-0.5483908766337517,-0.0005483908766337518,1.5
2026-03-06 16:30:00+00:00,2026-03-11 14:30:00+00:00,Long CYPH / Short ZEC,1,-1.7452253621596105,0.03590567171413902,mean reversion,0.5318999886512756,0.5893999934196472,211.36,215.27,2511,-6.320656338575481,20,118.0,89.18074235640081,8.233348526674947,1.3470319634703196,79.60036186625555,0.07960036186625555,1.5
2026-03-17 16:30:00+00:00,2026-03-27 15:30:00+00:00,Short CYPH / Long ZEC,-1,1.7722322582806667,-0.2027094955698044,mean reversion,0.8141000270843506,0.6437000036239624,270.31,217.5,-1639,4.936379459526884,55,239.0,13.969413768181038,7.198193991264643,2.728223016362848,4.042996760553548,0.004042996760553547,1.5
2026-03-30 19:30:00+00:00,2026-03-31 17:30:00+00:00,Long CYPH / Short ZEC,1,-1.6809183962331788,0.36455451346914053,mean reversion,0.6200000047683716,0.7799999713897705,223.21,253.94,2126,-5.9068344500398,5,22.0,120.03952933080616,8.77896903952269,0.2511415525114155,111.00941873877206,0.11100941873877206,1.5
2026-04-06 15:30:00+00:00,2026-04-10 16:30:00+00:00,Long CYPH / Short ZEC,1,-1.567132940565114,0.3741175435427616,mean reversion,0.7336000204086304,1.1150000095367432,253.21,376.95,1804,-5.228286585881809,29,97.0,30.536764518072207,9.917248404748314,1.1073059360730593,19.512210177250836,0.019512210177250834,1.5
2026-04-24 19:30:00+00:00,2026-04-27 15:30:00+00:00,Short CYPH / Long ZEC,-1,1.513270541397226,-0.09896037826117399,mean reversion,1.000100016593933,0.9408000111579896,360.95,356.3,-1352,3.7479156238383116,3,68.0,46.29134195817054,7.846190404649736,0.7758684309160925,37.66928312260471,0.03766928312260471,1.5
2026-05-01 14:30:00+00:00,2026-05-14 16:30:00+00:00,Long CYPH / Short ZEC,1,-4.0328492095434845,0.27703854771763625,mean reversion,0.8598999977111816,1.1900999546051023,349.86,543.16,1585,-3.8980527922620993,65,314.0,-170.71717062733205,9.93880476554345,3.584474885844749,-184.24045027872023,-0.18424045027872024,1.5
2026-05-18 19:30:00+00:00,2026-05-21 18:30:00+00:00,Long CYPH / Short ZEC,1,-1.755251188367582,0.5241393091568693,mean reversion,0.986299991607666,1.3650000095367432,549.3,671.42,1358,-2.439921830665343,20,71.0,160.8967269164473,9.193390034782297,0.8105022831050228,150.89283459855997,0.15089283459855998,1.5
2026-05-26 14:30:00+00:00,2026-05-27 14:30:00+00:00,Short CYPH / Long ZEC,-1,1.8605899671238308,-0.5368931368831484,mean reversion,1.3640999794006348,1.100000023841858,623.11,570.57,-987,2.1607489638755486,7,24.0,109.42280261030061,7.448412260659053,0.27396901988915073,101.7004213297524,0.1017004213297524,1.5
2026-06-04 19:30:00+00:00,2026-06-18 14:30:00+00:00,Long CYPH / Short ZEC,1,-1.6310035855340999,0.10670051040052328,mean reversion,1.0149999856948853,0.7684999704360962,540.16,473.37,1322,-2.4854046650124952,65,331.0,-120.7647448600873,7.3112781145059635,3.778538812785388,-131.85456178737866,-0.13185456178737864,1.5
2026-06-24 19:30:00+00:00,2026-06-29 16:30:00+00:00,Long CYPH / Short ZEC,1,-1.5745151448175934,0.7044078361119428,mean reversion,0.6136000156402588,0.6194000244140625,403.21,386.03,2144,-3.2641446494928434,18,117.0,51.697338131154716,7.904802827793292,1.3356164383561644,42.456918865005264,0.042456918865005265,1.5
2026-07-01 15:30:00+00:00,2026-07-02 14:30:00+00:00,Short CYPH / Long ZEC,-1,2.140429561403779,-1.4235773111245247,mean reversion,0.6869000196456909,0.6740999817848206,414.74,441.56,-1932,3.201291974682975,6,23.0,82.68910281910557,8.060577531976229,0.26243585605815006,74.3660894310712,0.0743660894310712,1.5
2026-07-06 14:30:00+00:00,2026-07-21 14:30:00+00:00,Long CYPH / Short ZEC,1,-1.5445785975064228,0.002732564091310105,mean reversion,0.6736999750137329,0.7689999938011169,447.62,544.04,1981,-2.9816589046113693,77,360.0,-73.76509637188664,8.70154882152982,4.109589041095891,-86.57623423451236,-0.08657623423451236,1.5
2026-07-23 15:30:00+00:00,2026-07-30 14:30:00+00:00,Long CYPH / Short ZEC,1,-1.6650530885275585,0.7544601445636845,mean reversion,0.6581000089645386,0.6402000188827515,514.77,475.55,2023,-2.5875314534339213,34,167.0,48.61406311941167,7.76119917481215,1.9063926940639269,38.946471250535595,0.038946471250535596,1.5
2026-08-04 15:30:00+00:00,2026-08-12 18:30:00+00:00,Short CYPH / Long ZEC,-1,1.661459093940232,-0.030349033804253956,mean reversion,0.6761999726295471,0.6873000264167786,490.73,496.32,-1988,2.740315071631291,45,195.0,-5.001279609898157,8.040355526335464,2.2252505963272573,-15.266885732560878,-0.015266885732560877,1.5
2026-08-13 15:30:00+00:00,2026-08-17 15:30:00+00:00,Long CYPH / Short ZEC,1,-1.8809187188129457,0.9334495115075868,mean reversion,0.6381000280380249,0.7120000123977661,491.6,513.81,2116,-2.7476955565909624,14,96.0,70.35203662911908,8.30590927975343,1.095890410958904,60.95023693840675,0.06095023693840675,1.5
2026-08-18 14:30:00+00:00,2026-09-01 19:30:00+00:00,Short CYPH / Long ZEC,-1,3.8023537515280372,-0.2795907305559944,mean reversion,0.7843999862670898,1.6950000524520874,509.65,832.61,-1726,2.656985952518972,75,341.0,-528.0250015981582,11.603052921028649,3.8919509186315597,-543.5200054378183,-0.5435200054378183,1.5
2026-09-04 13:30:00+00:00,2026-09-08 14:30:00+00:00,Short CYPH / Long ZEC,-1,1.5724507076088228,-0.12393383276080053,mean reversion,2.220000028610229,2.494999885559082,976.2,1163.56,-608,1.3833815532247444,8,97.0,67.88436004603848,8.613527761291808,1.106734386629987,58.16409789811669,0.05816409789811669,1.5
2026-09-08 19:30:00+00:00,2026-09-09 15:30:00+00:00,Short CYPH / Long ZEC,-1,1.61227133374462,-0.2810316953372536,mean reversion,2.744999885559082,2.734999895095825,1151.83,1265.43,-493,1.1759384807179543,3,20.0,102.12829541993253,8.180822685993462,0.22810885864116112,93.7193638752979,0.0937193638752979,1.5
2026-09-09 18:30:00+00:00,2026-09-14 17:30:00+00:00,Long CYPH / Short ZEC,1,-1.7780988552215415,0.30342698821817976,mean reversion,2.520900011062622,2.470000028610229,1272.28,1146.26,537,-1.0657642924107622,20,119.0,79.2048569002589,7.769892845824934,1.3584474885844748,70.0765165658495,0.0700765165658495,1.5
2026-09-15 15:30:00+00:00,2026-09-17 16:30:00+00:00,Long CYPH / Short ZEC,1,-1.572747623186939,0.27880557312667825,mean reversion,2.1496999263763428,3.135699987411499,1123.63,1469.39,627,-1.2004271380520226,15,49.0,152.2295438456185,9.588302759887005,0.5593607305936074,142.0818803551379,0.1420818803551379,1.5
2026-09-18 14:30:00+00:00,2026-09-28 19:30:00+00:00,Short CYPH / Long ZEC,-1,1.8382225442292337,-0.39404455452204246,mean reversion,3.509999990463257,3.247400045394897,1471.52,1473.82,-380,0.9066970974151837,47,245.0,76.82272094841026,7.875923338758852,2.795917133814728,66.15088047583669,0.06615088047583668,1.5
2026-10-02 13:30:00+00:00,2026-10-06 13:30:00+00:00,Long CYPH / Short ZEC,1,-1.8579743107963478,0.008954799842372982,mean reversion,3.2100000381469727,3.1700000762939453,1384.07,1377.43,412,-0.9562660398970219,14,96.0,-7.631820853069692,7.950932166439793,1.095890410958904,-16.67864343046839,-0.01667864343046839,1.5
2025-12-08 20:30:00+00:00,2025-12-09 17:30:00+00:00,Long CYPH / Short ZEC,1,-1.9322298191043439,0.7659786244649602,mean reversion,1.183500051498413,1.624699950218201,410.75,447.33,1126,-3.2446237867080217,4,21.0,283.9173528628219,8.92698772148028,0.23972602739726026,274.7506391139444,0.2747506391139444,1.75
2025-12-15 19:30:00+00:00,2026-01-08 15:30:00+00:00,Long CYPH / Short ZEC,1,-1.7871609844249157,0.045054052680210385,mean reversion,1.2000999450683594,1.034999966621399,410.72,430.29,1113,-3.254315502038947,104,572.0,-184.16704858070815,7.797835282544018,6.529680365296803,-198.49456422854897,-0.19849456422854897,1.75
2026-01-08 20:30:00+00:00,2026-01-16 20:30:00+00:00,Short CYPH / Long ZEC,-1,1.8340298131523158,-0.047980281125158675,mean reversion,1.159999966621399,1.0399999618530271,429.94,413.51,-1157,3.1240342322929506,42,192.0,65.39605871063321,7.727545935512869,2.1901044216207866,55.47840835349955,0.055478408353499556,1.75
2026-01-23 15:30:00+00:00,2026-02-02 19:30:00+00:00,Long CYPH / Short ZEC,1,-2.5776082749758573,1.3239186903165634,mean reversion,0.8700000047683716,0.7947999835014343,362.88,294.7,1556,-3.7306673312313343,37,244.0,100.10712854175884,7.40538393339404,2.7853881278538815,89.91635648051093,0.08991635648051093,1.75
2026-02-05 15:30:00+00:00,2026-02-11 18:30:00+00:00,Short CYPH / Long ZEC,-1,2.630091689858502,-0.14357110916282737,mean reversion,0.7031999826431274,0.5979999899864197,222.92,239.48,-1925,6.072550193852333,31,147.0,221.8937408453004,7.815044925698354,1.6780413798122666,212.4006545397898,0.2124006545397898,1.75
2026-02-17 15:30:00+00:00,2026-02-23 16:30:00+00:00,Long CYPH / Short ZEC,1,-1.7870767395267229,0.0632806946309238,mean reversion,0.659500002861023,0.6330999732017517,282.26,242.49,2050,-4.790007143163211,29,145.0,101.04694013425924,7.644384947240692,1.6552511415525115,91.74730404546604,0.09174730404546604,1.75
2026-02-25 19:30:00+00:00,2026-03-05 18:30:00+00:00,Short CYPH / Long ZEC,-1,1.7669617181300368,-0.06630901756293228,mean reversion,0.7111999988555908,0.6220999956130981,255.68,228.94,-1905,5.300508087060329,41,191.0,21.00274098551545,7.59779089926615,2.1797251203086656,11.225224965940635,0.011225224965940635,1.75
2026-03-06 17:30:00+00:00,2026-03-11 14:30:00+00:00,Long CYPH / Short ZEC,1,-1.7608248640201472,0.03590567171413902,mean reversion,0.5218999981880188,0.5893999934196472,207.6,215.27,2567,-6.45410405877468,19,117.0,92.23675476985319,8.32562780332739,1.3356164383561644,82.57551052816963,0.08257551052816962,1.75
2026-03-17 16:30:00+00:00,2026-03-27 15:30:00+00:00,Short CYPH / Long ZEC,-1,1.7722322582806667,-0.2027094955698044,mean reversion,0.8141000270843506,0.6437000036239624,270.31,217.5,-1639,4.936379459526884,55,239.0,13.969413768181038,7.198193991264643,2.728223016362848,4.042996760553548,0.004042996760553547,1.75
2026-03-31 13:30:00+00:00,2026-03-31 17:30:00+00:00,Long CYPH / Short ZEC,1,-1.9077324115823837,0.36455451346914053,mean reversion,0.699999988079071,0.7799999713897705,252.72,253.94,1891,-5.238285525836081,4,4.0,109.6326270328515,8.244997651840299,0.045662100456621,101.34196728055458,0.10134196728055458,1.75
2026-04-07 14:30:00+00:00,2026-04-10 16:30:00+00:00,Long CYPH / Short ZEC,1,-2.5741822810523995,0.3741175435427616,mean reversion,0.7321000099182129,1.1150000095367432,265.96,376.95,1808,-4.978825103288164,23,74.0,103.78951729267219,9.783996558919043,0.8447488584474886,93.16077187530566,0.09316077187530565,1.75
2026-04-27 13:30:00+00:00,2026-04-27 15:30:00+00:00,Short CYPH / Long ZEC,-1,1.8727087996507796,-0.09896037826117399,mean reversion,0.9782000184059144,0.9408000111579896,356.13,356.3,-1385,3.805240992831892,2,2.0,38.69248857279097,7.922613702158676,0.02282509549562026,30.747049775136674,0.030747049775136672,1.75
2026-05-01 14:30:00+00:00,2026-05-14 16:30:00+00:00,Long CYPH / Short ZEC,1,-4.0328492095434845,0.27703854771763625,mean reversion,0.8598999977111816,1.1900999546051023,349.86,543.16,1585,-3.8980527922620993,65,314.0,-170.71717062733205,9.93880476554345,3.584474885844749,-184.24045027872023,-0.18424045027872024,1.75
2026-05-18 19:30:00+00:00,2026-05-21 18:30:00+00:00,Long CYPH / Short ZEC,1,-1.755251188367582,0.5241393091568693,mean reversion,0.986299991607666,1.3650000095367432,549.3,671.42,1358,-2.439921830665343,20,71.0,160.8967269164473,9.193390034782297,0.8105022831050228,150.89283459855997,0.15089283459855998,1.75
2026-05-26 14:30:00+00:00,2026-05-27 14:30:00+00:00,Short CYPH / Long ZEC,-1,1.8605899671238308,-0.5368931368831484,mean reversion,1.3640999794006348,1.100000023841858,623.11,570.57,-987,2.1607489638755486,7,24.0,109.42280261030061,7.448412260659053,0.27396901988915073,101.7004213297524,0.1017004213297524,1.75
2026-06-05 13:30:00+00:00,2026-06-18 14:30:00+00:00,Long CYPH / Short ZEC,1,-1.9430653266116193,0.10670051040052328,mean reversion,0.5400000214576721,0.7684999704360962,315.7,473.37,2482,-4.246405947990042,64,313.0,-77.34634189694148,9.917996792229577,3.5730593607305936,-90.83739804990165,-0.09083739804990165,1.75
2026-06-25 16:30:00+00:00,2026-06-29 16:30:00+00:00,Long CYPH / Short ZEC,1,-1.7783931776285022,0.7044078361119428,mean reversion,0.6060000061988831,0.6194000244140625,404.88,386.03,2180,-3.264127772119625,14,96.0,68.46941431308977,7.938564541070232,1.095890410958904,59.434959361060635,0.059434959361060635,1.75
2026-07-01 15:30:00+00:00,2026-07-02 14:30:00+00:00,Short CYPH / Long ZEC,-1,2.140429561403779,-1.4235773111245247,mean reversion,0.6869000196456909,0.6740999817848206,414.74,441.56,-1932,3.201291974682975,6,23.0,82.68910281910557,8.060577531976229,0.26243585605815006,74.3660894310712,0.0743660894310712,1.75
2026-07-07 14:30:00+00:00,2026-07-21 14:30:00+00:00,Long CYPH / Short ZEC,1,-3.862810773665741,0.002732564091310105,mean reversion,0.6488000154495239,0.7689999938011169,462.4,544.04,2060,-2.891448129832126,70,336.0,8.634978705213278,8.718357329962114,3.835616438356164,-3.9189950631049997,-0.003918995063104999,1.75
2026-07-24 19:30:00+00:00,2026-07-30 14:30:00+00:00,Long CYPH / Short ZEC,1,-2.19013411369497,0.7544601445636845,mean reversion,0.6198999881744385,0.6402000188827515,495.47,475.55,2149,-2.689505642587911,23,139.0,72.3943445214697,7.953959526888248,1.58675799086758,62.85362700371387,0.06285362700371387,1.75
2026-08-04 17:30:00+00:00,2026-08-12 18:30:00+00:00,Short CYPH / Long ZEC,-1,2.0005733085030495,-0.030349033804253956,mean reversion,0.6945000290870667,0.6873000264167786,499.41,496.32,-1936,2.692542109815314,43,193.0,4.164369930673387,7.952743493982759,2.2029826950658444,-5.991356258375216,-0.005991356258375216,1.75
2026-08-13 15:30:00+00:00,2026-08-17 15:30:00+00:00,Long CYPH / Short ZEC,1,-1.8809187188129457,0.9334495115075868,mean reversion,0.6381000280380249,0.7120000123977661,491.6,513.81,2116,-2.7476955565909624,14,96.0,70.35203662911908,8.30590927975343,1.095890410958904,60.95023693840675,0.06095023693840675,1.75
2026-08-18 14:30:00+00:00,2026-09-01 19:30:00+00:00,Short CYPH / Long ZEC,-1,3.8023537515280372,-0.2795907305559944,mean reversion,0.7843999862670898,1.6950000524520874,509.65,832.61,-1726,2.656985952518972,75,341.0,-528.0250015981582,11.603052921028649,3.8919509186315597,-543.5200054378183,-0.5435200054378183,1.75
2026-09-09 18:30:00+00:00,2026-09-14 17:30:00+00:00,Long CYPH / Short ZEC,1,-1.7780988552215415,0.30342698821817976,mean reversion,2.520900011062622,2.470000028610229,1272.28,1146.26,537,-1.0657642924107622,20,119.0,79.2048569002589,7.769892845824934,1.3584474885844748,70.0765165658495,0.0700765165658495,1.75
2026-09-18 14:30:00+00:00,2026-09-28 19:30:00+00:00,Short CYPH / Long ZEC,-1,1.8382225442292337,-0.39404455452204246,mean reversion,3.509999990463257,3.247400045394897,1471.52,1473.82,-380,0.9066970974151837,47,245.0,76.82272094841026,7.875923338758852,2.795917133814728,66.15088047583669,0.06615088047583668,1.75
2026-10-02 13:30:00+00:00,2026-10-06 13:30:00+00:00,Long CYPH / Short ZEC,1,-1.8579743107963478,0.008954799842372982,mean reversion,3.2100000381469727,3.1700000762939453,1384.07,1377.43,412,-0.9562660398970219,14,96.0,-7.631820853069692,7.950932166439793,1.095890410958904,-16.67864343046839,-0.01667864343046839,1.75
2025-12-09 15:30:00+00:00,2025-12-09 17:30:00+00:00,Long CYPH / Short ZEC,1,-2.0063151843726135,0.7659786244649602,mean reversion,1.2161999940872192,1.624699950218201,434.07,447.33,1094,-3.0676927552686895,2,2.0,305.0316082385308,8.728600557907683,0.0228310502283105,296.2801766303948,0.2962801766303948,2.0
2025-12-17 20:30:00+00:00,2026-01-08 15:30:00+00:00,Long CYPH / Short ZEC,1,-2.7444833344481845,0.045054052680210385,mean reversion,0.9943000078201294,1.034999966621399,387.0,430.29,1345,-3.456597180329552,89,523.0,-70.62818853859727,8.285628174279811,5.970319634703197,-84.88413634758028,-0.08488413634758028,2.0
2026-01-14 16:30:00+00:00,2026-01-16 20:30:00+00:00,Short CYPH / Long ZEC,-1,2.228166659828877,-0.047980281125158675,mean reversion,1.2549999952316284,1.0399999618530271,429.31,413.51,-1072,3.1344284871009345,18,52.0,135.22484747340047,7.602961977281392,0.593483127386464,127.02840236873261,0.1270284023687326,2.0
2026-01-23 15:30:00+00:00,2026-02-02 19:30:00+00:00,Long CYPH / Short ZEC,1,-2.5776082749758573,1.3239186903165634,mean reversion,0.8700000047683716,0.7947999835014343,362.88,294.7,1556,-3.7306673312313343,37,244.0,100.10712854175884,7.40538393339404,2.7853881278538815,89.91635648051093,0.08991635648051093,2.0
2026-02-05 15:30:00+00:00,2026-02-11 18:30:00+00:00,Short CYPH / Long ZEC,-1,2.630091689858502,-0.14357110916282737,mean reversion,0.7031999826431274,0.5979999899864197,222.92,239.48,-1925,6.072550193852333,31,147.0,221.8937408453004,7.815044925698354,1.6780413798122666,212.4006545397898,0.2124006545397898,2.0
2026-02-18 19:30:00+00:00,2026-02-23 16:30:00+00:00,Long CYPH / Short ZEC,1,-2.2799529198323856,0.0632806946309238,mean reversion,0.6100999712944031,0.6330999732017517,273.11,242.49,2214,-4.947743784752338,18,117.0,149.98047368391477,7.854236959378307,1.3356164383561644,140.79062028618029,0.14079062028618028,2.0
2026-02-27 14:30:00+00:00,2026-03-05 18:30:00+00:00,Short CYPH / Long ZEC,-1,2.387841113708381,-0.06630901756293228,mean reversion,0.6600000262260437,0.6220999956130981,224.04,228.94,-2037,6.001652447033559,32,148.0,79.96850954345362,7.962099599147016,1.6892587805455894,70.31715116376103,0.07031715116376103,2.0
2026-03-06 20:30:00+00:00,2026-03-11 14:30:00+00:00,Long CYPH / Short ZEC,1,-2.2014924074530016,0.03590567171413902,mean reversion,0.5200999975204468,0.5893999934196472,211.02,215.27,2574,-6.3449966321114895,16,114.0,112.83673410271722,8.296726265279212,1.3013698630136987,103.2386379744243,0.1032386379744243,2.0
2026-03-19 18:30:00+00:00,2026-03-27 15:30:00+00:00,Short CYPH / Long ZEC,-1,2.187749079338219,-0.2027094955698044,mean reversion,0.7174999713897705,0.6437000036239624,232.6,217.5,-1868,5.762559119115487,39,189.0,38.19520661579095,7.689592203824889,2.157403374362699,28.348211037603367,0.028348211037603366,2.0
2026-04-07 14:30:00+00:00,2026-04-10 16:30:00+00:00,Long CYPH / Short ZEC,1,-2.5741822810523995,0.3741175435427616,mean reversion,0.7321000099182129,1.1150000095367432,265.96,376.95,1808,-4.978825103288164,23,74.0,103.78951729267219,9.783996558919043,0.8447488584474886,93.16077187530566,0.09316077187530565,2.0
2026-05-01 14:30:00+00:00,2026-05-14 16:30:00+00:00,Long CYPH / Short ZEC,1,-4.0328492095434845,0.27703854771763625,mean reversion,0.8598999977111816,1.1900999546051023,349.86,543.16,1585,-3.8980527922620993,65,314.0,-170.71717062733205,9.93880476554345,3.584474885844749,-184.24045027872023,-0.18424045027872024,2.0
2026-06-05 14:30:00+00:00,2026-06-18 14:30:00+00:00,Long CYPH / Short ZEC,1,-2.113898330112784,0.10670051040052328,mean reversion,0.6172999739646912,0.7684999704360962,331.35,473.37,2170,-4.044109040550001,63,312.0,-186.00504881699726,9.4108411562963,3.5616438356164393,-198.97753380891,-0.19897753380891,2.0
2026-07-01 15:30:00+00:00,2026-07-02 14:30:00+00:00,Short CYPH / Long ZEC,-1,2.140429561403779,-1.4235773111245247,mean reversion,0.6869000196456909,0.6740999817848206,414.74,441.56,-1932,3.201291974682975,6,23.0,82.68910281910557,8.060577531976229,0.26243585605815006,74.3660894310712,0.0743660894310712,2.0
2026-07-07 14:30:00+00:00,2026-07-21 14:30:00+00:00,Long CYPH / Short ZEC,1,-3.862810773665741,0.002732564091310105,mean reversion,0.6488000154495239,0.7689999938011169,462.4,544.04,2060,-2.891448129832126,70,336.0,8.634978705213278,8.718357329962114,3.835616438356164,-3.9189950631049997,-0.003918995063104999,2.0
2026-07-24 19:30:00+00:00,2026-07-30 14:30:00+00:00,Long CYPH / Short ZEC,1,-2.19013411369497,0.7544601445636845,mean reversion,0.6198999881744385,0.6402000188827515,495.47,475.55,2149,-2.689505642587911,23,139.0,72.3943445214697,7.953959526888248,1.58675799086758,62.85362700371387,0.06285362700371387,2.0
2026-08-04 17:30:00+00:00,2026-08-12 18:30:00+00:00,Short CYPH / Long ZEC,-1,2.0005733085030495,-0.030349033804253956,mean reversion,0.6945000290870667,0.6873000264167786,499.41,496.32,-1936,2.692542109815314,43,193.0,4.164369930673387,7.952743493982759,2.2029826950658444,-5.991356258375216,-0.005991356258375216,2.0
2026-08-18 14:30:00+00:00,2026-09-01 19:30:00+00:00,Short CYPH / Long ZEC,-1,3.8023537515280372,-0.2795907305559944,mean reversion,0.7843999862670898,1.6950000524520874,509.65,832.61,-1726,2.656985952518972,75,341.0,-528.0250015981582,11.603052921028649,3.8919509186315597,-543.5200054378183,-0.5435200054378183,2.0
2026-09-10 14:30:00+00:00,2026-09-14 17:30:00+00:00,Long CYPH / Short ZEC,1,-2.099074659077026,0.30342698821817976,mean reversion,2.279900074005127,2.470000028610229,1176.49,1146.26,592,-1.1489712916074775,17,99.0,109.04208266281387,8.112546753946678,1.13013698630137,99.79939892256583,0.09979939892256583,2.0
2026-09-18 15:30:00+00:00,2026-09-28 19:30:00+00:00,Short CYPH / Long ZEC,-1,2.0156869676482105,-0.39404455452204246,mean reversion,3.615000009536743,3.247400045394897,1490.06,1473.82,-369,0.8966716896256715,46,244.0,91.30827074888899,7.797164914274386,2.780885928668237,80.73021990594636,0.08073021990594635,2.0
2025-12-17 20:30:00+00:00,2026-01-08 15:30:00+00:00,Long CYPH / Short ZEC,1,-2.7444833344481845,0.045054052680210385,mean reversion,0.9943000078201294,1.034999966621399,387.0,430.29,1345,-3.456597180329552,89,523.0,-70.62818853859727,8.285628174279811,5.970319634703197,-84.88413634758028,-0.08488413634758028,2.25
2026-01-23 15:30:00+00:00,2026-02-02 19:30:00+00:00,Long CYPH / Short ZEC,1,-2.5776082749758573,1.3239186903165634,mean reversion,0.8700000047683716,0.7947999835014343,362.88,294.7,1556,-3.7306673312313343,37,244.0,100.10712854175884,7.40538393339404,2.7853881278538815,89.91635648051093,0.08991635648051093,2.25
2026-02-05 15:30:00+00:00,2026-02-11 18:30:00+00:00,Short CYPH / Long ZEC,-1,2.630091689858502,-0.14357110916282737,mean reversion,0.7031999826431274,0.5979999899864197,222.92,239.48,-1925,6.072550193852333,31,147.0,221.8937408453004,7.815044925698354,1.6780413798122666,212.4006545397898,0.2124006545397898,2.25
2026-02-18 19:30:00+00:00,2026-02-23 16:30:00+00:00,Long CYPH / Short ZEC,1,-2.2799529198323856,0.0632806946309238,mean reversion,0.6100999712944031,0.6330999732017517,273.11,242.49,2214,-4.947743784752338,18,117.0,149.98047368391477,7.854236959378307,1.3356164383561644,140.79062028618029,0.14079062028618028,2.25
2026-02-27 14:30:00+00:00,2026-03-05 18:30:00+00:00,Short CYPH / Long ZEC,-1,2.387841113708381,-0.06630901756293228,mean reversion,0.6600000262260437,0.6220999956130981,224.04,228.94,-2037,6.001652447033559,32,148.0,79.96850954345362,7.962099599147016,1.6892587805455894,70.31715116376103,0.07031715116376103,2.25
2026-03-09 13:30:00+00:00,2026-03-11 14:30:00+00:00,Long CYPH / Short ZEC,1,-2.4980934617709583,0.03590567171413902,mean reversion,0.5220999717712402,0.5893999934196472,212.0,215.27,2557,-6.298545958860865,15,49.0,112.8948294866451,8.266740383724793,0.5593607305936074,104.06872837232669,0.10406872837232668,2.25
2026-03-20 14:30:00+00:00,2026-03-27 15:30:00+00:00,Short CYPH / Long ZEC,-1,2.5769688723443602,-0.2027094955698044,mean reversion,0.7595000267028809,0.6437000036239624,231.59,217.5,-1757,5.765010966832138,36,169.0,91.82382203574267,7.582148562571671,1.9282449955083976,82.3134284776626,0.0823134284776626,2.25
2026-04-07 14:30:00+00:00,2026-04-10 16:30:00+00:00,Long CYPH / Short ZEC,1,-2.5741822810523995,0.3741175435427616,mean reversion,0.7321000099182129,1.1150000095367432,265.96,376.95,1808,-4.978825103288164,23,74.0,103.78951729267219,9.783996558919043,0.8447488584474886,93.16077187530566,0.09316077187530565,2.25
2026-05-01 14:30:00+00:00,2026-05-14 16:30:00+00:00,Long CYPH / Short ZEC,1,-4.0328492095434845,0.27703854771763625,mean reversion,0.8598999977111816,1.1900999546051023,349.86,543.16,1585,-3.8980527922620993,65,314.0,-170.71717062733205,9.93880476554345,3.584474885844749,-184.24045027872023,-0.18424045027872024,2.25
2026-06-05 15:30:00+00:00,2026-06-18 14:30:00+00:00,Long CYPH / Short ZEC,1,-2.5238287533238575,0.10670051040052328,mean reversion,0.6086999773979187,0.7684999704360962,333.25,473.37,2199,-4.016906984390751,62,311.0,-159.7242071921586,9.425611637956296,3.550228310502283,-172.7000471406172,-0.17270004714061718,2.25
2026-07-07 14:30:00+00:00,2026-07-21 14:30:00+00:00,Long CYPH / Short ZEC,1,-3.862810773665741,0.002732564091310105,mean reversion,0.6488000154495239,0.7689999938011169,462.4,544.04,2060,-2.891448129832126,70,336.0,8.634978705213278,8.718357329962114,3.835616438356164,-3.9189950631049997,-0.003918995063104999,2.25
2026-08-05 19:30:00+00:00,2026-08-12 18:30:00+00:00,Short CYPH / Long ZEC,-1,2.6043671113521105,-0.030349033804253956,mean reversion,0.7307999730110168,0.6873000264167786,517.68,496.32,-1843,2.601749883002392,34,167.0,18.22860817951651,7.791393983600467,1.906379206278041,8.530834989638,0.008530834989638001,2.25
2026-08-18 14:30:00+00:00,2026-09-01 19:30:00+00:00,Short CYPH / Long ZEC,-1,3.8023537515280372,-0.2795907305559944,mean reversion,0.7843999862670898,1.6950000524520874,509.65,832.61,-1726,2.656985952518972,75,341.0,-528.0250015981582,11.603052921028649,3.8919509186315597,-543.5200054378183,-0.5435200054378183,2.25
2025-12-17 20:30:00+00:00,2026-01-08 15:30:00+00:00,Long CYPH / Short ZEC,1,-2.7444833344481845,0.045054052680210385,mean reversion,0.9943000078201294,1.034999966621399,387.0,430.29,1345,-3.456597180329552,89,523.0,-70.62818853859727,8.285628174279811,5.970319634703197,-84.88413634758028,-0.08488413634758028,2.5
2026-01-23 15:30:00+00:00,2026-02-02 19:30:00+00:00,Long CYPH / Short ZEC,1,-2.5776082749758573,1.3239186903165634,mean reversion,0.8700000047683716,0.7947999835014343,362.88,294.7,1556,-3.7306673312313343,37,244.0,100.10712854175884,7.40538393339404,2.7853881278538815,89.91635648051093,0.08991635648051093,2.5
2026-02-05 15:30:00+00:00,2026-02-11 18:30:00+00:00,Short CYPH / Long ZEC,-1,2.630091689858502,-0.14357110916282737,mean reversion,0.7031999826431274,0.5979999899864197,222.92,239.48,-1925,6.072550193852333,31,147.0,221.8937408453004,7.815044925698354,1.6780413798122666,212.4006545397898,0.2124006545397898,2.5
2026-03-20 14:30:00+00:00,2026-03-27 15:30:00+00:00,Short CYPH / Long ZEC,-1,2.5769688723443602,-0.2027094955698044,mean reversion,0.7595000267028809,0.6437000036239624,231.59,217.5,-1757,5.765010966832138,36,169.0,91.82382203574267,7.582148562571671,1.9282449955083976,82.3134284776626,0.0823134284776626,2.5
2026-04-07 14:30:00+00:00,2026-04-10 16:30:00+00:00,Long CYPH / Short ZEC,1,-2.5741822810523995,0.3741175435427616,mean reversion,0.7321000099182129,1.1150000095367432,265.96,376.95,1808,-4.978825103288164,23,74.0,103.78951729267219,9.783996558919043,0.8447488584474886,93.16077187530566,0.09316077187530565,2.5
2026-05-01 14:30:00+00:00,2026-05-14 16:30:00+00:00,Long CYPH / Short ZEC,1,-4.0328492095434845,0.27703854771763625,mean reversion,0.8598999977111816,1.1900999546051023,349.86,543.16,1585,-3.8980527922620993,65,314.0,-170.71717062733205,9.93880476554345,3.584474885844749,-184.24045027872023,-0.18424045027872024,2.5
2026-06-05 15:30:00+00:00,2026-06-18 14:30:00+00:00,Long CYPH / Short ZEC,1,-2.5238287533238575,0.10670051040052328,mean reversion,0.6086999773979187,0.7684999704360962,333.25,473.37,2199,-4.016906984390751,62,311.0,-159.7242071921586,9.425611637956296,3.550228310502283,-172.7000471406172,-0.17270004714061718,2.5
2026-07-07 14:30:00+00:00,2026-07-21 14:30:00+00:00,Long CYPH / Short ZEC,1,-3.862810773665741,0.002732564091310105,mean reversion,0.6488000154495239,0.7689999938011169,462.4,544.04,2060,-2.891448129832126,70,336.0,8.634978705213278,8.718357329962114,3.835616438356164,-3.9189950631049997,-0.003918995063104999,2.5
2026-08-05 19:30:00+00:00,2026-08-12 18:30:00+00:00,Short CYPH / Long ZEC,-1,2.6043671113521105,-0.030349033804253956,mean reversion,0.7307999730110168,0.6873000264167786,517.68,496.32,-1843,2.601749883002392,34,167.0,18.22860817951651,7.791393983600467,1.906379206278041,8.530834989638,0.008530834989638001,2.5
2026-08-18 14:30:00+00:00,2026-09-01 19:30:00+00:00,Short CYPH / Long ZEC,-1,3.8023537515280372,-0.2795907305559944,mean reversion,0.7843999862670898,1.6950000524520874,509.65,832.61,-1726,2.656985952518972,75,341.0,-528.0250015981582,11.603052921028649,3.8919509186315597,-543.5200054378183,-0.5435200054378183,2.5
2026-01-23 17:30:00+00:00,2026-02-02 19:30:00+00:00,Long CYPH / Short ZEC,1,-3.5331090504792204,1.3239186903165634,mean reversion,0.8400999903678894,0.7947999835014343,371.3,294.7,1617,-3.6598404494700905,35,242.0,150.94435118794826,7.445054957328866,2.7625570776255706,140.73673915299383,0.14073673915299384,2.75
2026-04-07 15:30:00+00:00,2026-04-10 16:30:00+00:00,Long CYPH / Short ZEC,1,-3.3919278727792164,0.3741175435427616,mean reversion,0.7020000219345093,1.1150000095367432,271.12,376.95,1886,-4.885736363726965,22,73.0,194.57125466388192,9.86091723976196,0.8333333333333334,183.8770040907866,0.1838770040907866,2.75
2026-05-01 14:30:00+00:00,2026-05-14 16:30:00+00:00,Long CYPH / Short ZEC,1,-4.0328492095434845,0.27703854771763625,mean reversion,0.8598999977111816,1.1900999546051023,349.86,543.16,1585,-3.8980527922620993,65,314.0,-170.71717062733205,9.93880476554345,3.584474885844749,-184.24045027872023,-0.18424045027872024,2.75
2026-06-05 19:30:00+00:00,2026-06-18 14:30:00+00:00,Long CYPH / Short ZEC,1,-3.601603662268532,0.10670051040052328,mean reversion,0.5616000294685364,0.7684999704360962,322.37,473.37,2374,-4.1372479385739025,58,307.0,-100.87644826780249,9.714276490194019,3.5045662100456627,-114.09529096804218,-0.11409529096804218,2.75
2026-07-07 14:30:00+00:00,2026-07-21 14:30:00+00:00,Long CYPH / Short ZEC,1,-3.862810773665741,0.002732564091310105,mean reversion,0.6488000154495239,0.7689999938011169,462.4,544.04,2060,-2.891448129832126,70,336.0,8.634978705213278,8.718357329962114,3.835616438356164,-3.9189950631049997,-0.003918995063104999,2.75
2026-08-18 14:30:00+00:00,2026-09-01 19:30:00+00:00,Short CYPH / Long ZEC,-1,3.8023537515280372,-0.2795907305559944,mean reversion,0.7843999862670898,1.6950000524520874,509.65,832.61,-1726,2.656985952518972,75,341.0,-528.0250015981582,11.603052921028649,3.8919509186315597,-543.5200054378183,-0.5435200054378183,2.75
2026-01-23 17:30:00+00:00,2026-02-02 19:30:00+00:00,Long CYPH / Short ZEC,1,-3.5331090504792204,1.3239186903165634,mean reversion,0.8400999903678894,0.7947999835014343,371.3,294.7,1617,-3.6598404494700905,35,242.0,150.94435118794826,7.445054957328866,2.7625570776255706,140.73673915299383,0.14073673915299384,3.0
2026-04-07 15:30:00+00:00,2026-04-10 16:30:00+00:00,Long CYPH / Short ZEC,1,-3.3919278727792164,0.3741175435427616,mean reversion,0.7020000219345093,1.1150000095367432,271.12,376.95,1886,-4.885736363726965,22,73.0,194.57125466388192,9.86091723976196,0.8333333333333334,183.8770040907866,0.1838770040907866,3.0
2026-05-01 14:30:00+00:00,2026-05-14 16:30:00+00:00,Long CYPH / Short ZEC,1,-4.0328492095434845,0.27703854771763625,mean reversion,0.8598999977111816,1.1900999546051023,349.86,543.16,1585,-3.8980527922620993,65,314.0,-170.71717062733205,9.93880476554345,3.584474885844749,-184.24045027872023,-0.18424045027872024,3.0
2026-06-05 19:30:00+00:00,2026-06-18 14:30:00+00:00,Long CYPH / Short ZEC,1,-3.601603662268532,0.10670051040052328,mean reversion,0.5616000294685364,0.7684999704360962,322.37,473.37,2374,-4.1372479385739025,58,307.0,-100.87644826780249,9.714276490194019,3.5045662100456627,-114.09529096804218,-0.11409529096804218,3.0
2026-07-07 14:30:00+00:00,2026-07-21 14:30:00+00:00,Long CYPH / Short ZEC,1,-3.862810773665741,0.002732564091310105,mean reversion,0.6488000154495239,0.7689999938011169,462.4,544.04,2060,-2.891448129832126,70,336.0,8.634978705213278,8.718357329962114,3.835616438356164,-3.9189950631049997,-0.003918995063104999,3.0
2026-08-18 14:30:00+00:00,2026-09-01 19:30:00+00:00,Short CYPH / Long ZEC,-1,3.8023537515280372,-0.2795907305559944,mean reversion,0.7843999862670898,1.6950000524520874,509.65,832.61,-1726,2.656985952518972,75,341.0,-528.0250015981582,11.603052921028649,3.8919509186315597,-543.5200054378183,-0.5435200054378183,3.0
